sim_id,strategy,topology,nodes,seed,load,policy_type,policy_param,placement_success,time_s
1,first-fit,star,20,42,0.0,degrade,0.4,0.0172222222222222,0.772
2,first-fit,star,20,42,0.0,degrade,0.5,0.0311111111111111,0.788
3,first-fit,star,20,42,0.0,degrade,0.6,0.0644444444444444,0.737
4,first-fit,star,20,42,0.0,kill,0.01,0.6355555555555555,0.909
5,first-fit,star,20,42,0.0,kill,0.05,0.3883333333333333,0.813
6,first-fit,star,20,42,0.0,kill,0.1,0.2994444444444444,0.871
7,first-fit,star,20,42,0.5,degrade,0.4,0.0127777777777777,0.732
8,first-fit,star,20,42,0.5,degrade,0.5,0.0233333333333333,0.739
9,first-fit,star,20,42,0.5,degrade,0.6,0.025,0.856
10,first-fit,star,20,42,0.5,kill,0.01,0.285,0.842
11,first-fit,star,20,42,0.5,kill,0.05,0.2083333333333333,0.839
12,first-fit,star,20,42,0.5,kill,0.1,0.1327777777777777,0.843
13,first-fit,star,20,3997,0.0,degrade,0.4,0.0555555555555555,0.648
14,first-fit,star,20,3997,0.0,degrade,0.5,0.0805555555555555,0.664
15,first-fit,star,20,3997,0.0,degrade,0.6,0.11,0.643
16,first-fit,star,20,3997,0.0,kill,0.01,0.8027777777777778,0.822
17,first-fit,star,20,3997,0.0,kill,0.05,0.5677777777777778,0.825
18,first-fit,star,20,3997,0.0,kill,0.1,0.515,0.805
19,first-fit,star,20,3997,0.5,degrade,0.4,0.0211111111111111,0.687
20,first-fit,star,20,3997,0.5,degrade,0.5,0.0427777777777777,0.75
21,first-fit,star,20,3997,0.5,degrade,0.6,0.0744444444444444,0.771
22,first-fit,star,20,3997,0.5,kill,0.01,0.5672222222222222,0.81
23,first-fit,star,20,3997,0.5,kill,0.05,0.5133333333333333,0.872
24,first-fit,star,20,3997,0.5,kill,0.1,0.2655555555555555,0.824
25,first-fit,star,50,42,0.0,degrade,0.4,0.0555555555555555,1.088
26,first-fit,star,50,42,0.0,degrade,0.5,0.0955555555555555,1.128
27,first-fit,star,50,42,0.0,degrade,0.6,0.1216666666666666,1.275
28,first-fit,star,50,42,0.0,kill,0.01,0.8366666666666667,1.349
29,first-fit,star,50,42,0.0,kill,0.05,0.6255555555555555,1.432
30,first-fit,star,50,42,0.0,kill,0.1,0.3638888888888889,1.528
31,first-fit,star,50,42,0.5,degrade,0.4,0.0566666666666666,1.224
32,first-fit,star,50,42,0.5,degrade,0.5,0.0783333333333333,1.318
33,first-fit,star,50,42,0.5,degrade,0.6,0.1133333333333333,1.404
34,first-fit,star,50,42,0.5,kill,0.01,0.7411111111111112,1.519
35,first-fit,star,50,42,0.5,kill,0.05,0.2505555555555555,1.829
36,first-fit,star,50,42,0.5,kill,0.1,0.3055555555555556,1.775
37,first-fit,star,50,3997,0.0,degrade,0.4,0.0616666666666666,1.296
38,first-fit,star,50,3997,0.0,degrade,0.5,0.0816666666666666,1.244
39,first-fit,star,50,3997,0.0,degrade,0.6,0.1188888888888888,1.391
40,first-fit,star,50,3997,0.0,kill,0.01,0.9388888888888888,1.328
41,first-fit,star,50,3997,0.0,kill,0.05,0.6377777777777778,1.404
42,first-fit,star,50,3997,0.0,kill,0.1,0.4838888888888888,1.418
43,first-fit,star,50,3997,0.5,degrade,0.4,0.045,1.22
44,first-fit,star,50,3997,0.5,degrade,0.5,0.0783333333333333,1.243
45,first-fit,star,50,3997,0.5,degrade,0.6,0.105,1.144
46,first-fit,star,50,3997,0.5,kill,0.01,0.6655555555555556,1.661
47,first-fit,star,50,3997,0.5,kill,0.05,0.5066666666666667,1.559
48,first-fit,star,50,3997,0.5,kill,0.1,0.3977777777777778,1.457
49,first-fit,hierarchical,20,42,0.0,degrade,0.4,0.0677777777777777,0.859
50,first-fit,hierarchical,20,42,0.0,degrade,0.5,0.0905555555555555,0.875
51,first-fit,hierarchical,20,42,0.0,degrade,0.6,0.1238888888888889,1.024
52,first-fit,hierarchical,20,42,0.0,kill,0.01,0.5316666666666666,1.395
53,first-fit,hierarchical,20,42,0.0,kill,0.05,0.4472222222222222,1.426
54,first-fit,hierarchical,20,42,0.0,kill,0.1,0.3316666666666666,1.092
55,first-fit,hierarchical,20,42,0.5,degrade,0.4,0.0666666666666666,0.967
56,first-fit,hierarchical,20,42,0.5,degrade,0.5,0.0883333333333333,1.027
57,first-fit,hierarchical,20,42,0.5,degrade,0.6,0.1166666666666666,0.899
58,first-fit,hierarchical,20,42,0.5,kill,0.01,0.4066666666666667,1.25
59,first-fit,hierarchical,20,42,0.5,kill,0.05,0.2438888888888888,1.253
60,first-fit,hierarchical,20,42,0.5,kill,0.1,0.1816666666666666,1.119
61,first-fit,hierarchical,20,3997,0.0,degrade,0.4,0.0677777777777777,0.798
62,first-fit,hierarchical,20,3997,0.0,degrade,0.5,0.0911111111111111,0.847
63,first-fit,hierarchical,20,3997,0.0,degrade,0.6,0.1272222222222222,0.903
64,first-fit,hierarchical,20,3997,0.0,kill,0.01,0.7605555555555555,0.963
65,first-fit,hierarchical,20,3997,0.0,kill,0.05,0.69,1.028
66,first-fit,hierarchical,20,3997,0.0,kill,0.1,0.5277777777777778,1.049
67,first-fit,hierarchical,20,3997,0.5,degrade,0.4,0.0672222222222222,0.907
68,first-fit,hierarchical,20,3997,0.5,degrade,0.5,0.0894444444444444,0.926
69,first-fit,hierarchical,20,3997,0.5,degrade,0.6,0.125,0.93
70,first-fit,hierarchical,20,3997,0.5,kill,0.01,0.8344444444444444,1.287
71,first-fit,hierarchical,20,3997,0.5,kill,0.05,0.47,1.095
72,first-fit,hierarchical,20,3997,0.5,kill,0.1,0.3538888888888888,1.004
73,first-fit,hierarchical,50,42,0.0,degrade,0.4,0.0677777777777777,1.965
74,first-fit,hierarchical,50,42,0.0,degrade,0.5,0.0927777777777777,2.373
75,first-fit,hierarchical,50,42,0.0,degrade,0.6,0.1255555555555555,2.443
76,first-fit,hierarchical,50,42,0.0,kill,0.01,0.9383333333333334,3.097
77,first-fit,hierarchical,50,42,0.0,kill,0.05,0.7266666666666667,3.018
78,first-fit,hierarchical,50,42,0.0,kill,0.1,0.5627777777777778,2.68
79,first-fit,hierarchical,50,42,0.5,degrade,0.4,0.0672222222222222,2.539
80,first-fit,hierarchical,50,42,0.5,degrade,0.5,0.0894444444444444,2.517
81,first-fit,hierarchical,50,42,0.5,degrade,0.6,0.1244444444444444,3.019
82,first-fit,hierarchical,50,42,0.5,kill,0.01,0.8816666666666667,3.299
83,first-fit,hierarchical,50,42,0.5,kill,0.05,0.5655555555555556,3.488
84,first-fit,hierarchical,50,42,0.5,kill,0.1,0.4555555555555555,2.886
85,first-fit,hierarchical,50,3997,0.0,degrade,0.4,0.0666666666666666,1.949
86,first-fit,hierarchical,50,3997,0.0,degrade,0.5,0.0888888888888888,2.212
87,first-fit,hierarchical,50,3997,0.0,degrade,0.6,0.125,2.354
88,first-fit,hierarchical,50,3997,0.0,kill,0.01,0.9483333333333334,2.237
89,first-fit,hierarchical,50,3997,0.0,kill,0.05,0.75,2.596
90,first-fit,hierarchical,50,3997,0.0,kill,0.1,0.6527777777777778,2.214
91,first-fit,hierarchical,50,3997,0.5,degrade,0.4,0.0677777777777777,2.254
92,first-fit,hierarchical,50,3997,0.5,degrade,0.5,0.0894444444444444,2.094
93,first-fit,hierarchical,50,3997,0.5,degrade,0.6,0.1238888888888889,2.109
94,first-fit,hierarchical,50,3997,0.5,kill,0.01,0.8677777777777778,3.157
95,first-fit,hierarchical,50,3997,0.5,kill,0.05,0.6983333333333334,2.6
96,first-fit,hierarchical,50,3997,0.5,kill,0.1,0.5211111111111111,2.425
97,first-fit,random,20,42,0.0,degrade,0.4,0.0677777777777777,0.933
98,first-fit,random,20,42,0.0,degrade,0.5,0.09,0.917
99,first-fit,random,20,42,0.0,degrade,0.6,0.1211111111111111,0.978
100,first-fit,random,20,42,0.0,kill,0.01,0.8188888888888889,1.331
101,first-fit,random,20,42,0.0,kill,0.05,0.3872222222222222,1.23
102,first-fit,random,20,42,0.0,kill,0.1,0.3994444444444444,1.165
103,first-fit,random,20,42,0.5,degrade,0.4,0.0677777777777777,0.883
104,first-fit,random,20,42,0.5,degrade,0.5,0.0911111111111111,0.975
105,first-fit,random,20,42,0.5,degrade,0.6,0.1255555555555555,1.065
106,first-fit,random,20,42,0.5,kill,0.01,0.4072222222222222,1.392
107,first-fit,random,20,42,0.5,kill,0.05,0.3244444444444444,1.204
108,first-fit,random,20,42,0.5,kill,0.1,0.2488888888888888,1.05
109,first-fit,random,20,3997,0.0,degrade,0.4,0.0677777777777777,0.788
110,first-fit,random,20,3997,0.0,degrade,0.5,0.0911111111111111,0.87
111,first-fit,random,20,3997,0.0,degrade,0.6,0.1255555555555555,0.784
112,first-fit,random,20,3997,0.0,kill,0.01,0.7627777777777778,1.169
113,first-fit,random,20,3997,0.0,kill,0.05,0.6144444444444445,1.025
114,first-fit,random,20,3997,0.0,kill,0.1,0.5661111111111111,0.981
115,first-fit,random,20,3997,0.5,degrade,0.4,0.0672222222222222,0.857
116,first-fit,random,20,3997,0.5,degrade,0.5,0.0894444444444444,0.956
117,first-fit,random,20,3997,0.5,degrade,0.6,0.125,0.999
118,first-fit,random,20,3997,0.5,kill,0.01,0.5988888888888889,1.222
119,first-fit,random,20,3997,0.5,kill,0.05,0.32,1.174
120,first-fit,random,20,3997,0.5,kill,0.1,0.3755555555555555,1.124
121,first-fit,random,50,42,0.0,degrade,0.4,0.0683333333333333,2.116
122,first-fit,random,50,42,0.0,degrade,0.5,0.0922222222222222,2.239
123,first-fit,random,50,42,0.0,degrade,0.6,0.1255555555555555,2.662
124,first-fit,random,50,42,0.0,kill,0.01,0.9116666666666666,2.932
125,first-fit,random,50,42,0.0,kill,0.05,0.6916666666666667,2.802
126,first-fit,random,50,42,0.0,kill,0.1,0.6116666666666667,2.657
127,first-fit,random,50,42,0.5,degrade,0.4,0.0672222222222222,2.41
128,first-fit,random,50,42,0.5,degrade,0.5,0.0888888888888888,2.71
129,first-fit,random,50,42,0.5,degrade,0.6,0.1244444444444444,3.156
130,first-fit,random,50,42,0.5,kill,0.01,0.7822222222222223,3.17
131,first-fit,random,50,42,0.5,kill,0.05,0.6522222222222223,3.224
132,first-fit,random,50,42,0.5,kill,0.1,0.5566666666666666,3.071
133,first-fit,random,50,3997,0.0,degrade,0.4,0.0666666666666666,1.921
134,first-fit,random,50,3997,0.0,degrade,0.5,0.0888888888888888,2.242
135,first-fit,random,50,3997,0.0,degrade,0.6,0.125,2.127
136,first-fit,random,50,3997,0.0,kill,0.01,0.9433333333333334,2.257
137,first-fit,random,50,3997,0.0,kill,0.05,0.74,2.285
138,first-fit,random,50,3997,0.0,kill,0.1,0.5666666666666667,2.385
139,first-fit,random,50,3997,0.5,degrade,0.4,0.0677777777777777,2.007
140,first-fit,random,50,3997,0.5,degrade,0.5,0.0894444444444444,2.021
141,first-fit,random,50,3997,0.5,degrade,0.6,0.1238888888888889,2.109
142,first-fit,random,50,3997,0.5,kill,0.01,0.8005555555555556,2.718
143,first-fit,random,50,3997,0.5,kill,0.05,0.66,2.736
144,first-fit,random,50,3997,0.5,kill,0.1,0.5522222222222222,2.67
145,best-fit,star,20,42,0.0,degrade,0.4,0.0172222222222222,0.808
146,best-fit,star,20,42,0.0,degrade,0.5,0.0205555555555555,0.929
147,best-fit,star,20,42,0.0,degrade,0.6,0.0288888888888888,0.96
148,best-fit,star,20,42,0.0,kill,0.01,0.235,1.449
149,best-fit,star,20,42,0.0,kill,0.05,0.3166666666666666,1.087
150,best-fit,star,20,42,0.0,kill,0.1,0.2227777777777777,1.201
151,best-fit,star,20,42,0.5,degrade,0.4,0.0116666666666666,0.882
152,best-fit,star,20,42,0.5,degrade,0.5,0.0222222222222222,0.93
153,best-fit,star,20,42,0.5,degrade,0.6,0.0227777777777777,0.937
154,best-fit,star,20,42,0.5,kill,0.01,0.1922222222222222,1.254
155,best-fit,star,20,42,0.5,kill,0.05,0.17,1.253
156,best-fit,star,20,42,0.5,kill,0.1,0.1688888888888889,0.992
157,best-fit,star,20,3997,0.0,degrade,0.4,0.0188888888888888,0.795
158,best-fit,star,20,3997,0.0,degrade,0.5,0.0344444444444444,0.875
159,best-fit,star,20,3997,0.0,degrade,0.6,0.0788888888888888,0.847
160,best-fit,star,20,3997,0.0,kill,0.01,0.4566666666666666,1.193
161,best-fit,star,20,3997,0.0,kill,0.05,0.3822222222222222,1.153
162,best-fit,star,20,3997,0.0,kill,0.1,0.2844444444444444,1.11
163,best-fit,star,20,3997,0.5,degrade,0.4,0.0177777777777777,0.817
164,best-fit,star,20,3997,0.5,degrade,0.5,0.0222222222222222,0.971
165,best-fit,star,20,3997,0.5,degrade,0.6,0.0316666666666666,0.873
166,best-fit,star,20,3997,0.5,kill,0.01,0.3166666666666666,1.174
167,best-fit,star,20,3997,0.5,kill,0.05,0.2805555555555555,1.156
168,best-fit,star,20,3997,0.5,kill,0.1,0.1761111111111111,1.081
169,best-fit,star,50,42,0.0,degrade,0.4,0.0016666666666666,1.509
170,best-fit,star,50,42,0.0,degrade,0.5,0.0,1.693
171,best-fit,star,50,42,0.0,degrade,0.6,0.0266666666666666,1.651
172,best-fit,star,50,42,0.0,kill,0.01,0.5061111111111111,2.3
173,best-fit,star,50,42,0.0,kill,0.05,0.2133333333333333,2.361
174,best-fit,star,50,42,0.0,kill,0.1,0.1705555555555555,2.252
175,best-fit,star,50,42,0.5,degrade,0.4,0.0016666666666666,1.465
176,best-fit,star,50,42,0.5,degrade,0.5,0.0111111111111111,1.642
177,best-fit,star,50,42,0.5,degrade,0.6,0.0277777777777777,1.67
178,best-fit,star,50,42,0.5,kill,0.01,0.2566666666666666,2.698
179,best-fit,star,50,42,0.5,kill,0.05,0.0627777777777777,2.152
180,best-fit,star,50,42,0.5,kill,0.1,0.0688888888888888,2.441
181,best-fit,star,50,3997,0.0,degrade,0.4,0.0127777777777777,1.368
182,best-fit,star,50,3997,0.0,degrade,0.5,0.0216666666666666,1.439
183,best-fit,star,50,3997,0.0,degrade,0.6,0.0311111111111111,1.512
184,best-fit,star,50,3997,0.0,kill,0.01,0.4344444444444444,2.119
185,best-fit,star,50,3997,0.0,kill,0.05,0.3433333333333333,2.079
186,best-fit,star,50,3997,0.0,kill,0.1,0.2783333333333333,2.006
187,best-fit,star,50,3997,0.5,degrade,0.4,0.0161111111111111,1.35
188,best-fit,star,50,3997,0.5,degrade,0.5,0.0216666666666666,1.462
189,best-fit,star,50,3997,0.5,degrade,0.6,0.0294444444444444,1.579
190,best-fit,star,50,3997,0.5,kill,0.01,0.0877777777777777,2.528
191,best-fit,star,50,3997,0.5,kill,0.05,0.1327777777777777,2.224
192,best-fit,star,50,3997,0.5,kill,0.1,0.0944444444444444,2.444
193,best-fit,hierarchical,20,42,0.0,degrade,0.4,0.0661111111111111,1.105
194,best-fit,hierarchical,20,42,0.0,degrade,0.5,0.0894444444444444,1.042
195,best-fit,hierarchical,20,42,0.0,degrade,0.6,0.1205555555555555,1.132
196,best-fit,hierarchical,20,42,0.0,kill,0.01,0.3177777777777777,1.5
197,best-fit,hierarchical,20,42,0.0,kill,0.05,0.4527777777777778,1.475
198,best-fit,hierarchical,20,42,0.0,kill,0.1,0.3144444444444444,1.289
199,best-fit,hierarchical,20,42,0.5,degrade,0.4,0.0666666666666666,1.008
200,best-fit,hierarchical,20,42,0.5,degrade,0.5,0.0888888888888888,1.078
201,best-fit,hierarchical,20,42,0.5,degrade,0.6,0.1255555555555555,1.112
202,best-fit,hierarchical,20,42,0.5,kill,0.01,0.4544444444444444,1.342
203,best-fit,hierarchical,20,42,0.5,kill,0.05,0.2388888888888889,1.319
204,best-fit,hierarchical,20,42,0.5,kill,0.1,0.1561111111111111,1.117
205,best-fit,hierarchical,20,3997,0.0,degrade,0.4,0.0655555555555555,0.963
206,best-fit,hierarchical,20,3997,0.0,degrade,0.5,0.0861111111111111,0.964
207,best-fit,hierarchical,20,3997,0.0,degrade,0.6,0.1166666666666666,1.013
208,best-fit,hierarchical,20,3997,0.0,kill,0.01,0.8444444444444444,1.359
209,best-fit,hierarchical,20,3997,0.0,kill,0.05,0.6033333333333334,1.268
210,best-fit,hierarchical,20,3997,0.0,kill,0.1,0.495,1.358
211,best-fit,hierarchical,20,3997,0.5,degrade,0.4,0.0672222222222222,0.971
212,best-fit,hierarchical,20,3997,0.5,degrade,0.5,0.0894444444444444,0.957
213,best-fit,hierarchical,20,3997,0.5,degrade,0.6,0.1227777777777777,0.941
214,best-fit,hierarchical,20,3997,0.5,kill,0.01,0.7394444444444445,1.539
215,best-fit,hierarchical,20,3997,0.5,kill,0.05,0.29,1.294
216,best-fit,hierarchical,20,3997,0.5,kill,0.1,0.3733333333333333,1.254
217,best-fit,hierarchical,50,42,0.0,degrade,0.4,0.0672222222222222,2.28
218,best-fit,hierarchical,50,42,0.0,degrade,0.5,0.0911111111111111,2.695
219,best-fit,hierarchical,50,42,0.0,degrade,0.6,0.1222222222222222,3.24
220,best-fit,hierarchical,50,42,0.0,kill,0.01,0.9116666666666666,3.798
221,best-fit,hierarchical,50,42,0.0,kill,0.05,0.5727777777777778,3.554
222,best-fit,hierarchical,50,42,0.0,kill,0.1,0.4611111111111111,3.246
223,best-fit,hierarchical,50,42,0.5,degrade,0.4,0.0683333333333333,2.364
224,best-fit,hierarchical,50,42,0.5,degrade,0.5,0.09,2.513
225,best-fit,hierarchical,50,42,0.5,degrade,0.6,0.1222222222222222,2.888
226,best-fit,hierarchical,50,42,0.5,kill,0.01,0.7094444444444444,4.809
227,best-fit,hierarchical,50,42,0.5,kill,0.05,0.4911111111111111,4.043
228,best-fit,hierarchical,50,42,0.5,kill,0.1,0.3077777777777777,3.827
229,best-fit,hierarchical,50,3997,0.0,degrade,0.4,0.0661111111111111,2.25
230,best-fit,hierarchical,50,3997,0.0,degrade,0.5,0.0911111111111111,2.235
231,best-fit,hierarchical,50,3997,0.0,degrade,0.6,0.1177777777777777,2.648
232,best-fit,hierarchical,50,3997,0.0,kill,0.01,0.7811111111111111,3.463
233,best-fit,hierarchical,50,3997,0.0,kill,0.05,0.65,2.84
234,best-fit,hierarchical,50,3997,0.0,kill,0.1,0.5283333333333333,3.043
235,best-fit,hierarchical,50,3997,0.5,degrade,0.4,0.0644444444444444,2.329
236,best-fit,hierarchical,50,3997,0.5,degrade,0.5,0.0877777777777777,2.514
237,best-fit,hierarchical,50,3997,0.5,degrade,0.6,0.1183333333333333,2.841
238,best-fit,hierarchical,50,3997,0.5,kill,0.01,0.6744444444444444,3.78
239,best-fit,hierarchical,50,3997,0.5,kill,0.05,0.5138888888888888,3.535
240,best-fit,hierarchical,50,3997,0.5,kill,0.1,0.3972222222222222,3.635
241,best-fit,random,20,42,0.0,degrade,0.4,0.0511111111111111,1.031
242,best-fit,random,20,42,0.0,degrade,0.5,0.0838888888888888,1.13
243,best-fit,random,20,42,0.0,degrade,0.6,0.1183333333333333,1.163
244,best-fit,random,20,42,0.0,kill,0.01,0.5155555555555555,1.399
245,best-fit,random,20,42,0.0,kill,0.05,0.4705555555555555,1.446
246,best-fit,random,20,42,0.0,kill,0.1,0.3188888888888889,1.456
247,best-fit,random,20,42,0.5,degrade,0.4,0.0683333333333333,0.998
248,best-fit,random,20,42,0.5,degrade,0.5,0.0894444444444444,1.174
249,best-fit,random,20,42,0.5,degrade,0.6,0.1227777777777777,1.188
250,best-fit,random,20,42,0.5,kill,0.01,0.4294444444444444,1.688
251,best-fit,random,20,42,0.5,kill,0.05,0.2427777777777778,1.357
252,best-fit,random,20,42,0.5,kill,0.1,0.1727777777777777,1.298
253,best-fit,random,20,3997,0.0,degrade,0.4,0.065,0.974
254,best-fit,random,20,3997,0.0,degrade,0.5,0.0861111111111111,0.986
255,best-fit,random,20,3997,0.0,degrade,0.6,0.1233333333333333,1.028
256,best-fit,random,20,3997,0.0,kill,0.01,0.6844444444444444,1.148
257,best-fit,random,20,3997,0.0,kill,0.05,0.4172222222222222,1.21
258,best-fit,random,20,3997,0.0,kill,0.1,0.3411111111111111,1.337
259,best-fit,random,20,3997,0.5,degrade,0.4,0.0672222222222222,0.945
260,best-fit,random,20,3997,0.5,degrade,0.5,0.0894444444444444,0.997
261,best-fit,random,20,3997,0.5,degrade,0.6,0.115,1.01
262,best-fit,random,20,3997,0.5,kill,0.01,0.5755555555555556,1.319
263,best-fit,random,20,3997,0.5,kill,0.05,0.3044444444444444,1.384
264,best-fit,random,20,3997,0.5,kill,0.1,0.3122222222222222,1.357
265,best-fit,random,50,42,0.0,degrade,0.4,0.0677777777777777,2.404
266,best-fit,random,50,42,0.0,degrade,0.5,0.0911111111111111,2.753
267,best-fit,random,50,42,0.0,degrade,0.6,0.1216666666666666,2.904
268,best-fit,random,50,42,0.0,kill,0.01,0.925,4.148
269,best-fit,random,50,42,0.0,kill,0.05,0.6822222222222222,3.416
270,best-fit,random,50,42,0.0,kill,0.1,0.5466666666666666,3.285
271,best-fit,random,50,42,0.5,degrade,0.4,0.0677777777777777,2.769
272,best-fit,random,50,42,0.5,degrade,0.5,0.09,3.014
273,best-fit,random,50,42,0.5,degrade,0.6,0.1222222222222222,3.401
274,best-fit,random,50,42,0.5,kill,0.01,0.795,4.913
275,best-fit,random,50,42,0.5,kill,0.05,0.5572222222222222,3.769
276,best-fit,random,50,42,0.5,kill,0.1,0.4488888888888889,3.665
277,best-fit,random,50,3997,0.0,degrade,0.4,0.0661111111111111,2.5
278,best-fit,random,50,3997,0.0,degrade,0.5,0.0911111111111111,2.481
279,best-fit,random,50,3997,0.0,degrade,0.6,0.1177777777777777,2.878
280,best-fit,random,50,3997,0.0,kill,0.01,0.9366666666666666,3.668
281,best-fit,random,50,3997,0.0,kill,0.05,0.7161111111111111,3.173
282,best-fit,random,50,3997,0.0,kill,0.1,0.5655555555555556,3.075
283,best-fit,random,50,3997,0.5,degrade,0.4,0.0644444444444444,2.3
284,best-fit,random,50,3997,0.5,degrade,0.5,0.0872222222222222,2.601
285,best-fit,random,50,3997,0.5,degrade,0.6,0.1172222222222222,2.934
286,best-fit,random,50,3997,0.5,kill,0.01,0.92,4.632
287,best-fit,random,50,3997,0.5,kill,0.05,0.6477777777777778,4.014
288,best-fit,random,50,3997,0.5,kill,0.1,0.5561111111111111,4.011
289,min-energy,star,20,42,0.0,degrade,0.4,0.0166666666666666,0.896
290,min-energy,star,20,42,0.0,degrade,0.5,0.0216666666666666,0.959
291,min-energy,star,20,42,0.0,degrade,0.6,0.03,0.981
292,min-energy,star,20,42,0.0,kill,0.01,0.1916666666666666,1.173
293,min-energy,star,20,42,0.0,kill,0.05,0.0061111111111111,1.323
294,min-energy,star,20,42,0.0,kill,0.1,0.1233333333333333,1.373
295,min-energy,star,20,42,0.5,degrade,0.4,0.0005555555555555,0.933
296,min-energy,star,20,42,0.5,degrade,0.5,0.0,1.005
297,min-energy,star,20,42,0.5,degrade,0.6,0.0005555555555555,0.948
298,min-energy,star,20,42,0.5,kill,0.01,0.1438888888888889,1.229
299,min-energy,star,20,42,0.5,kill,0.05,0.0522222222222222,1.121
300,min-energy,star,20,42,0.5,kill,0.1,0.0311111111111111,1.107
301,min-energy,star,20,3997,0.0,degrade,0.4,0.0027777777777777,0.875
302,min-energy,star,20,3997,0.0,degrade,0.5,0.0038888888888888,0.992
303,min-energy,star,20,3997,0.0,degrade,0.6,0.005,1.021
304,min-energy,star,20,3997,0.0,kill,0.01,0.1044444444444444,1.213
305,min-energy,star,20,3997,0.0,kill,0.05,0.1711111111111111,1.136
306,min-energy,star,20,3997,0.0,kill,0.1,0.0666666666666666,1.191
307,min-energy,star,20,3997,0.5,degrade,0.4,0.0027777777777777,0.934
308,min-energy,star,20,3997,0.5,degrade,0.5,0.0038888888888888,0.969
309,min-energy,star,20,3997,0.5,degrade,0.6,0.005,1.028
310,min-energy,star,20,3997,0.5,kill,0.01,0.1044444444444444,1.279
311,min-energy,star,20,3997,0.5,kill,0.05,0.0416666666666666,1.243
312,min-energy,star,20,3997,0.5,kill,0.1,0.0177777777777777,1.243
313,min-energy,star,50,42,0.0,degrade,0.4,0.0522222222222222,1.46
314,min-energy,star,50,42,0.0,degrade,0.5,0.0688888888888888,1.433
315,min-energy,star,50,42,0.0,degrade,0.6,0.0927777777777777,1.451
316,min-energy,star,50,42,0.0,kill,0.01,0.3327777777777778,1.794
317,min-energy,star,50,42,0.0,kill,0.05,0.3111111111111111,1.718
318,min-energy,star,50,42,0.0,kill,0.1,0.3383333333333333,1.824
319,min-energy,star,50,42,0.5,degrade,0.4,0.0011111111111111,1.626
320,min-energy,star,50,42,0.5,degrade,0.5,0.0005555555555555,1.621
321,min-energy,star,50,42,0.5,degrade,0.6,0.0016666666666666,1.817
322,min-energy,star,50,42,0.5,kill,0.01,0.03,2.243
323,min-energy,star,50,42,0.5,kill,0.05,0.0855555555555555,2.107
324,min-energy,star,50,42,0.5,kill,0.1,0.0755555555555555,2.055
325,min-energy,star,50,3997,0.0,degrade,0.4,0.0016666666666666,1.49
326,min-energy,star,50,3997,0.0,degrade,0.5,0.0022222222222222,1.68
327,min-energy,star,50,3997,0.0,degrade,0.6,0.0022222222222222,1.622
328,min-energy,star,50,3997,0.0,kill,0.01,0.5477777777777778,1.631
329,min-energy,star,50,3997,0.0,kill,0.05,0.3738888888888889,1.849
330,min-energy,star,50,3997,0.0,kill,0.1,0.2611111111111111,1.849
331,min-energy,star,50,3997,0.5,degrade,0.4,0.0016666666666666,1.648
332,min-energy,star,50,3997,0.5,degrade,0.5,0.0016666666666666,1.7
333,min-energy,star,50,3997,0.5,degrade,0.6,0.0022222222222222,1.773
334,min-energy,star,50,3997,0.5,kill,0.01,0.1016666666666666,2.016
335,min-energy,star,50,3997,0.5,kill,0.05,0.1077777777777777,1.918
336,min-energy,star,50,3997,0.5,kill,0.1,0.1155555555555555,1.96
337,min-energy,hierarchical,20,42,0.0,degrade,0.4,0.0177777777777777,1.032
338,min-energy,hierarchical,20,42,0.0,degrade,0.5,0.0233333333333333,1.171
339,min-energy,hierarchical,20,42,0.0,degrade,0.6,0.0327777777777777,1.208
340,min-energy,hierarchical,20,42,0.0,kill,0.01,0.0022222222222222,1.475
341,min-energy,hierarchical,20,42,0.0,kill,0.05,0.0672222222222222,1.434
342,min-energy,hierarchical,20,42,0.0,kill,0.1,0.0161111111111111,1.481
343,min-energy,hierarchical,20,42,0.5,degrade,0.4,0.0188888888888888,0.943
344,min-energy,hierarchical,20,42,0.5,degrade,0.5,0.0255555555555555,0.964
345,min-energy,hierarchical,20,42,0.5,degrade,0.6,0.0338888888888888,1.063
346,min-energy,hierarchical,20,42,0.5,kill,0.01,0.0255555555555555,1.614
347,min-energy,hierarchical,20,42,0.5,kill,0.05,0.0388888888888888,1.422
348,min-energy,hierarchical,20,42,0.5,kill,0.1,0.0588888888888888,1.213
349,min-energy,hierarchical,20,3997,0.0,degrade,0.4,0.0183333333333333,1.01
350,min-energy,hierarchical,20,3997,0.0,degrade,0.5,0.025,1.048
351,min-energy,hierarchical,20,3997,0.0,degrade,0.6,0.0344444444444444,1.184
352,min-energy,hierarchical,20,3997,0.0,kill,0.01,0.2483333333333333,1.378
353,min-energy,hierarchical,20,3997,0.0,kill,0.05,0.1905555555555555,1.217
354,min-energy,hierarchical,20,3997,0.0,kill,0.1,0.1222222222222222,1.234
355,min-energy,hierarchical,20,3997,0.5,degrade,0.4,0.0183333333333333,1.062
356,min-energy,hierarchical,20,3997,0.5,degrade,0.5,0.0244444444444444,1.114
357,min-energy,hierarchical,20,3997,0.5,degrade,0.6,0.0338888888888888,1.21
358,min-energy,hierarchical,20,3997,0.5,kill,0.01,0.005,1.563
359,min-energy,hierarchical,20,3997,0.5,kill,0.05,0.0177777777777777,1.417
360,min-energy,hierarchical,20,3997,0.5,kill,0.1,0.0744444444444444,1.31
361,min-energy,hierarchical,50,42,0.0,degrade,0.4,0.0177777777777777,2.366
362,min-energy,hierarchical,50,42,0.0,degrade,0.5,0.0255555555555555,2.417
363,min-energy,hierarchical,50,42,0.0,degrade,0.6,0.0355555555555555,2.693
364,min-energy,hierarchical,50,42,0.0,kill,0.01,0.6166666666666667,2.716
365,min-energy,hierarchical,50,42,0.0,kill,0.05,0.2783333333333333,2.825
366,min-energy,hierarchical,50,42,0.0,kill,0.1,0.1933333333333333,2.673
367,min-energy,hierarchical,50,42,0.5,degrade,0.4,0.0183333333333333,2.554
368,min-energy,hierarchical,50,42,0.5,degrade,0.5,0.0261111111111111,2.549
369,min-energy,hierarchical,50,42,0.5,degrade,0.6,0.0361111111111111,2.782
370,min-energy,hierarchical,50,42,0.5,kill,0.01,0.5238888888888888,3.02
371,min-energy,hierarchical,50,42,0.5,kill,0.05,0.2161111111111111,3.165
372,min-energy,hierarchical,50,42,0.5,kill,0.1,0.1477777777777777,2.854
373,min-energy,hierarchical,50,3997,0.0,degrade,0.4,0.02,2.198
374,min-energy,hierarchical,50,3997,0.0,degrade,0.5,0.0255555555555555,2.149
375,min-energy,hierarchical,50,3997,0.0,degrade,0.6,0.035,2.473
376,min-energy,hierarchical,50,3997,0.0,kill,0.01,0.6483333333333333,2.334
377,min-energy,hierarchical,50,3997,0.0,kill,0.05,0.44,2.562
378,min-energy,hierarchical,50,3997,0.0,kill,0.1,0.3327777777777778,2.499
379,min-energy,hierarchical,50,3997,0.5,degrade,0.4,0.0183333333333333,2.424
380,min-energy,hierarchical,50,3997,0.5,degrade,0.5,0.0233333333333333,2.697
381,min-energy,hierarchical,50,3997,0.5,degrade,0.6,0.0316666666666666,2.779
382,min-energy,hierarchical,50,3997,0.5,kill,0.01,0.4516666666666666,2.526
383,min-energy,hierarchical,50,3997,0.5,kill,0.05,0.1933333333333333,2.704
384,min-energy,hierarchical,50,3997,0.5,kill,0.1,0.1533333333333333,2.706
385,min-energy,random,20,42,0.0,degrade,0.4,0.0177777777777777,1.037
386,min-energy,random,20,42,0.0,degrade,0.5,0.0233333333333333,1.077
387,min-energy,random,20,42,0.0,degrade,0.6,0.0322222222222222,1.125
388,min-energy,random,20,42,0.0,kill,0.01,0.0,1.537
389,min-energy,random,20,42,0.0,kill,0.05,0.0572222222222222,1.441
390,min-energy,random,20,42,0.0,kill,0.1,0.0161111111111111,1.489
391,min-energy,random,20,42,0.5,degrade,0.4,0.0188888888888888,0.946
392,min-energy,random,20,42,0.5,degrade,0.5,0.0255555555555555,1.045
393,min-energy,random,20,42,0.5,degrade,0.6,0.0338888888888888,1.117
394,min-energy,random,20,42,0.5,kill,0.01,0.0166666666666666,1.635
395,min-energy,random,20,42,0.5,kill,0.05,0.0138888888888888,1.455
396,min-energy,random,20,42,0.5,kill,0.1,0.0111111111111111,1.355
397,min-energy,random,20,3997,0.0,degrade,0.4,0.0183333333333333,0.983
398,min-energy,random,20,3997,0.0,degrade,0.5,0.025,1.025
399,min-energy,random,20,3997,0.0,degrade,0.6,0.0338888888888888,1.092
400,min-energy,random,20,3997,0.0,kill,0.01,0.3466666666666667,1.382
401,min-energy,random,20,3997,0.0,kill,0.05,0.1755555555555555,1.227
402,min-energy,random,20,3997,0.0,kill,0.1,0.1727777777777777,1.29
403,min-energy,random,20,3997,0.5,degrade,0.4,0.0183333333333333,1.015
404,min-energy,random,20,3997,0.5,degrade,0.5,0.0244444444444444,1.094
405,min-energy,random,20,3997,0.5,degrade,0.6,0.0338888888888888,1.115
406,min-energy,random,20,3997,0.5,kill,0.01,0.0033333333333333,1.525
407,min-energy,random,20,3997,0.5,kill,0.05,0.1261111111111111,1.231
408,min-energy,random,20,3997,0.5,kill,0.1,0.0088888888888888,1.414
409,min-energy,random,50,42,0.0,degrade,0.4,0.0177777777777777,2.394
410,min-energy,random,50,42,0.0,degrade,0.5,0.0255555555555555,2.498
411,min-energy,random,50,42,0.0,degrade,0.6,0.0355555555555555,2.618
412,min-energy,random,50,42,0.0,kill,0.01,0.4616666666666666,2.926
413,min-energy,random,50,42,0.0,kill,0.05,0.2483333333333333,2.939
414,min-energy,random,50,42,0.0,kill,0.1,0.2083333333333333,3.048
415,min-energy,random,50,42,0.5,degrade,0.4,0.0027777777777777,2.671
416,min-energy,random,50,42,0.5,degrade,0.5,0.0033333333333333,2.937
417,min-energy,random,50,42,0.5,degrade,0.6,0.005,2.96
418,min-energy,random,50,42,0.5,kill,0.01,0.6916666666666667,2.931
419,min-energy,random,50,42,0.5,kill,0.05,0.1933333333333333,3.351
420,min-energy,random,50,42,0.5,kill,0.1,0.1588888888888888,3.09
421,min-energy,random,50,3997,0.0,degrade,0.4,0.0194444444444444,2.303
422,min-energy,random,50,3997,0.0,degrade,0.5,0.0261111111111111,2.478
423,min-energy,random,50,3997,0.0,degrade,0.6,0.035,2.579
424,min-energy,random,50,3997,0.0,kill,0.01,0.6533333333333333,2.448
425,min-energy,random,50,3997,0.0,kill,0.05,0.4116666666666667,2.723
426,min-energy,random,50,3997,0.0,kill,0.1,0.36,2.571
427,min-energy,random,50,3997,0.5,degrade,0.4,0.0194444444444444,2.76
428,min-energy,random,50,3997,0.5,degrade,0.5,0.0255555555555555,2.987
429,min-energy,random,50,3997,0.5,degrade,0.6,0.035,3.237
430,min-energy,random,50,3997,0.5,kill,0.01,0.4466666666666666,2.877
431,min-energy,random,50,3997,0.5,kill,0.05,0.3366666666666666,2.709
432,min-energy,random,50,3997,0.5,kill,0.1,0.195,2.776
433,first-fit,star,100,42,0.0,degrade,0.4,0.0377777777777777,1.884
434,first-fit,star,100,42,0.0,degrade,0.5,0.0727777777777777,1.943
435,first-fit,star,100,42,0.0,degrade,0.6,0.1061111111111111,1.963
436,first-fit,star,100,42,0.0,kill,0.01,0.87,2.026
437,first-fit,star,100,42,0.0,kill,0.05,0.5788888888888889,2.327
438,first-fit,star,100,42,0.0,kill,0.1,0.4022222222222222,2.428
439,first-fit,star,100,42,0.5,degrade,0.4,0.0483333333333333,2.018
440,first-fit,star,100,42,0.5,degrade,0.5,0.07,1.986
441,first-fit,star,100,42,0.5,degrade,0.6,0.0888888888888888,2.089
442,first-fit,star,100,42,0.5,kill,0.01,0.7,2.676
443,first-fit,star,100,42,0.5,kill,0.05,0.3711111111111111,2.657
444,first-fit,star,100,42,0.5,kill,0.1,0.2611111111111111,2.529
445,first-fit,star,100,3997,0.0,degrade,0.4,0.0661111111111111,1.991
446,first-fit,star,100,3997,0.0,degrade,0.5,0.085,2.047
447,first-fit,star,100,3997,0.0,degrade,0.6,0.1166666666666666,2.006
448,first-fit,star,100,3997,0.0,kill,0.01,0.895,2.397
449,first-fit,star,100,3997,0.0,kill,0.05,0.5666666666666667,2.391
450,first-fit,star,100,3997,0.0,kill,0.1,0.49,2.382
451,first-fit,star,100,3997,0.5,degrade,0.4,0.0622222222222222,2.191
452,first-fit,star,100,3997,0.5,degrade,0.5,0.0833333333333333,2.107
453,first-fit,star,100,3997,0.5,degrade,0.6,0.1155555555555555,2.067
454,first-fit,star,100,3997,0.5,kill,0.01,0.7544444444444445,2.443
455,first-fit,star,100,3997,0.5,kill,0.05,0.525,2.271
456,first-fit,star,100,3997,0.5,kill,0.1,0.3916666666666666,2.539
457,first-fit,hierarchical,100,42,0.0,degrade,0.4,0.0677777777777777,5.672
458,first-fit,hierarchical,100,42,0.0,degrade,0.5,0.0916666666666666,5.424
459,first-fit,hierarchical,100,42,0.0,degrade,0.6,0.1255555555555555,6.627
460,first-fit,hierarchical,100,42,0.0,kill,0.01,0.9216666666666666,7.369
461,first-fit,hierarchical,100,42,0.0,kill,0.05,0.7666666666666667,6.178
462,first-fit,hierarchical,100,42,0.0,kill,0.1,0.6316666666666667,6.026
463,first-fit,hierarchical,100,42,0.5,degrade,0.4,0.0672222222222222,6.069
464,first-fit,hierarchical,100,42,0.5,degrade,0.5,0.0911111111111111,6.617
465,first-fit,hierarchical,100,42,0.5,degrade,0.6,0.1266666666666666,6.604
466,first-fit,hierarchical,100,42,0.5,kill,0.01,0.915,8.787
467,first-fit,hierarchical,100,42,0.5,kill,0.05,0.6883333333333334,7.599
468,first-fit,hierarchical,100,42,0.5,kill,0.1,0.6066666666666667,6.85
469,first-fit,hierarchical,100,3997,0.0,degrade,0.4,0.0688888888888888,5.643
470,first-fit,hierarchical,100,3997,0.0,degrade,0.5,0.0922222222222222,5.913
471,first-fit,hierarchical,100,3997,0.0,degrade,0.6,0.1266666666666666,5.7
472,first-fit,hierarchical,100,3997,0.0,kill,0.01,0.935,6.692
473,first-fit,hierarchical,100,3997,0.0,kill,0.05,0.8433333333333334,5.523
474,first-fit,hierarchical,100,3997,0.0,kill,0.1,0.6616666666666666,5.572
475,first-fit,hierarchical,100,3997,0.5,degrade,0.4,0.0677777777777777,5.427
476,first-fit,hierarchical,100,3997,0.5,degrade,0.5,0.0905555555555555,6.074
477,first-fit,hierarchical,100,3997,0.5,degrade,0.6,0.1272222222222222,5.667
478,first-fit,hierarchical,100,3997,0.5,kill,0.01,0.8933333333333333,7.185
479,first-fit,hierarchical,100,3997,0.5,kill,0.05,0.725,6.941
480,first-fit,hierarchical,100,3997,0.5,kill,0.1,0.595,6.472
481,first-fit,random,100,42,0.0,degrade,0.4,0.0677777777777777,5.908
482,first-fit,random,100,42,0.0,degrade,0.5,0.0916666666666666,5.923
483,first-fit,random,100,42,0.0,degrade,0.6,0.1255555555555555,7.064
484,first-fit,random,100,42,0.0,kill,0.01,0.9366666666666666,8.117
485,first-fit,random,100,42,0.0,kill,0.05,0.74,6.634
486,first-fit,random,100,42,0.0,kill,0.1,0.6783333333333333,6.791
487,first-fit,random,100,42,0.5,degrade,0.4,0.0666666666666666,6.489
488,first-fit,random,100,42,0.5,degrade,0.5,0.0911111111111111,6.9
489,first-fit,random,100,42,0.5,degrade,0.6,0.125,8.536
490,first-fit,random,100,42,0.5,kill,0.01,0.9283333333333332,9.579
491,first-fit,random,100,42,0.5,kill,0.05,0.7366666666666667,8.054
492,first-fit,random,100,42,0.5,kill,0.1,0.6066666666666667,8.274
493,first-fit,random,100,3997,0.0,degrade,0.4,0.0688888888888888,6.77
494,first-fit,random,100,3997,0.0,degrade,0.5,0.0922222222222222,7.587
495,first-fit,random,100,3997,0.0,degrade,0.6,0.1266666666666666,7.483
496,first-fit,random,100,3997,0.0,kill,0.01,0.935,7.889
497,first-fit,random,100,3997,0.0,kill,0.05,0.8083333333333333,6.851
498,first-fit,random,100,3997,0.0,kill,0.1,0.7133333333333334,6.874
499,first-fit,random,100,3997,0.5,degrade,0.4,0.0677777777777777,6.467
500,first-fit,random,100,3997,0.5,degrade,0.5,0.0905555555555555,7.481
501,first-fit,random,100,3997,0.5,degrade,0.6,0.1272222222222222,6.733
502,first-fit,random,100,3997,0.5,kill,0.01,0.9033333333333332,8.361
503,first-fit,random,100,3997,0.5,kill,0.05,0.7583333333333333,8.072
504,first-fit,random,100,3997,0.5,kill,0.1,0.6183333333333333,7.928
505,best-fit,star,100,42,0.0,degrade,0.4,0.0161111111111111,2.415
506,best-fit,star,100,42,0.0,degrade,0.5,0.0155555555555555,2.486
507,best-fit,star,100,42,0.0,degrade,0.6,0.0294444444444444,2.746
508,best-fit,star,100,42,0.0,kill,0.01,0.185,3.874
509,best-fit,star,100,42,0.0,kill,0.05,0.1,4.217
510,best-fit,star,100,42,0.0,kill,0.1,0.1338888888888889,3.894
511,best-fit,star,100,42,0.5,degrade,0.4,0.0094444444444444,2.449
512,best-fit,star,100,42,0.5,degrade,0.5,0.0216666666666666,2.535
513,best-fit,star,100,42,0.5,degrade,0.6,0.0283333333333333,2.803
514,best-fit,star,100,42,0.5,kill,0.01,0.0055555555555555,5.065
515,best-fit,star,100,42,0.5,kill,0.05,0.0477777777777777,4.645
516,best-fit,star,100,42,0.5,kill,0.1,0.0333333333333333,4.002
517,best-fit,star,100,3997,0.0,degrade,0.4,0.0338888888888888,2.233
518,best-fit,star,100,3997,0.0,degrade,0.5,0.0461111111111111,2.297
519,best-fit,star,100,3997,0.0,degrade,0.6,0.09,2.366
520,best-fit,star,100,3997,0.0,kill,0.01,0.3155555555555555,3.606
521,best-fit,star,100,3997,0.0,kill,0.05,0.2066666666666666,3.991
522,best-fit,star,100,3997,0.0,kill,0.1,0.1422222222222222,3.748
523,best-fit,star,100,3997,0.5,degrade,0.4,0.0388888888888888,2.336
524,best-fit,star,100,3997,0.5,degrade,0.5,0.0616666666666666,2.389
525,best-fit,star,100,3997,0.5,degrade,0.6,0.0955555555555555,2.693
526,best-fit,star,100,3997,0.5,kill,0.01,0.1461111111111111,4.77
527,best-fit,star,100,3997,0.5,kill,0.05,0.0472222222222222,4.557
528,best-fit,star,100,3997,0.5,kill,0.1,0.0588888888888888,4.356
529,best-fit,hierarchical,100,42,0.0,degrade,0.4,0.0677777777777777,7.776
530,best-fit,hierarchical,100,42,0.0,degrade,0.5,0.0905555555555555,8.539
531,best-fit,hierarchical,100,42,0.0,degrade,0.6,0.1244444444444444,8.924
532,best-fit,hierarchical,100,42,0.0,kill,0.01,0.91,10.415
533,best-fit,hierarchical,100,42,0.0,kill,0.05,0.6911111111111111,9.164
534,best-fit,hierarchical,100,42,0.0,kill,0.1,0.595,8.345
535,best-fit,hierarchical,100,42,0.5,degrade,0.4,0.0666666666666666,7.436
536,best-fit,hierarchical,100,42,0.5,degrade,0.5,0.0888888888888888,8.357
537,best-fit,hierarchical,100,42,0.5,degrade,0.6,0.12,9.682
538,best-fit,hierarchical,100,42,0.5,kill,0.01,0.8783333333333333,13.283
539,best-fit,hierarchical,100,42,0.5,kill,0.05,0.6322222222222222,10.637
540,best-fit,hierarchical,100,42,0.5,kill,0.1,0.5383333333333333,9.882
541,best-fit,hierarchical,100,3997,0.0,degrade,0.4,0.0672222222222222,5.817
542,best-fit,hierarchical,100,3997,0.0,degrade,0.5,0.0894444444444444,6.271
543,best-fit,hierarchical,100,3997,0.0,degrade,0.6,0.1244444444444444,6.584
544,best-fit,hierarchical,100,3997,0.0,kill,0.01,0.9383333333333334,9.11
545,best-fit,hierarchical,100,3997,0.0,kill,0.05,0.735,7.873
546,best-fit,hierarchical,100,3997,0.0,kill,0.1,0.6211111111111111,7.617
547,best-fit,hierarchical,100,3997,0.5,degrade,0.4,0.065,6.586
548,best-fit,hierarchical,100,3997,0.5,degrade,0.5,0.0894444444444444,6.819
549,best-fit,hierarchical,100,3997,0.5,degrade,0.6,0.1188888888888888,8.231
550,best-fit,hierarchical,100,3997,0.5,kill,0.01,0.8733333333333333,10.57
551,best-fit,hierarchical,100,3997,0.5,kill,0.05,0.645,9.952
552,best-fit,hierarchical,100,3997,0.5,kill,0.1,0.55,9.184
553,best-fit,random,100,42,0.0,degrade,0.4,0.0677777777777777,8.573
554,best-fit,random,100,42,0.0,degrade,0.5,0.0905555555555555,8.72
555,best-fit,random,100,42,0.0,degrade,0.6,0.1244444444444444,10.051
556,best-fit,random,100,42,0.0,kill,0.01,0.9283333333333332,10.162
557,best-fit,random,100,42,0.0,kill,0.05,0.725,9.094
558,best-fit,random,100,42,0.0,kill,0.1,0.5983333333333334,9.091
559,best-fit,random,100,42,0.5,degrade,0.4,0.0661111111111111,7.598
560,best-fit,random,100,42,0.5,degrade,0.5,0.0888888888888888,9.167
561,best-fit,random,100,42,0.5,degrade,0.6,0.1211111111111111,9.81
562,best-fit,random,100,42,0.5,kill,0.01,0.8933333333333333,14.085
563,best-fit,random,100,42,0.5,kill,0.05,0.67,11.479
564,best-fit,random,100,42,0.5,kill,0.1,0.5716666666666667,10.288
565,best-fit,random,100,3997,0.0,degrade,0.4,0.0672222222222222,6.835
566,best-fit,random,100,3997,0.0,degrade,0.5,0.0894444444444444,7.744
567,best-fit,random,100,3997,0.0,degrade,0.6,0.1244444444444444,8.512
568,best-fit,random,100,3997,0.0,kill,0.01,0.9366666666666666,11.257
569,best-fit,random,100,3997,0.0,kill,0.05,0.725,9.663
570,best-fit,random,100,3997,0.0,kill,0.1,0.605,9.253
571,best-fit,random,100,3997,0.5,degrade,0.4,0.0661111111111111,7.302
572,best-fit,random,100,3997,0.5,degrade,0.5,0.09,7.949
573,best-fit,random,100,3997,0.5,degrade,0.6,0.1205555555555555,9.162
574,best-fit,random,100,3997,0.5,kill,0.01,0.8983333333333333,14.152
575,best-fit,random,100,3997,0.5,kill,0.05,0.665,11.578
576,best-fit,random,100,3997,0.5,kill,0.1,0.565,11.064
577,min-energy,star,100,42,0.0,degrade,0.4,0.0,2.528
578,min-energy,star,100,42,0.0,degrade,0.5,0.0005555555555555,2.627
579,min-energy,star,100,42,0.0,degrade,0.6,0.0005555555555555,2.867
580,min-energy,star,100,42,0.0,kill,0.01,0.6033333333333334,2.515
581,min-energy,star,100,42,0.0,kill,0.05,0.3194444444444444,2.903
582,min-energy,star,100,42,0.0,kill,0.1,0.2355555555555555,2.943
583,min-energy,star,100,42,0.5,degrade,0.4,0.0,2.685
584,min-energy,star,100,42,0.5,degrade,0.5,0.0,2.944
585,min-energy,star,100,42,0.5,degrade,0.6,0.0,3.126
586,min-energy,star,100,42,0.5,kill,0.01,0.4438888888888889,3.076
587,min-energy,star,100,42,0.5,kill,0.05,0.1911111111111111,3.17
588,min-energy,star,100,42,0.5,kill,0.1,0.1,3.383
589,min-energy,star,100,3997,0.0,degrade,0.4,0.0016666666666666,2.418
590,min-energy,star,100,3997,0.0,degrade,0.5,0.0033333333333333,2.624
591,min-energy,star,100,3997,0.0,degrade,0.6,0.0038888888888888,2.758
592,min-energy,star,100,3997,0.0,kill,0.01,0.8177777777777778,2.469
593,min-energy,star,100,3997,0.0,kill,0.05,0.4416666666666666,2.789
594,min-energy,star,100,3997,0.0,kill,0.1,0.2961111111111111,2.866
595,min-energy,star,100,3997,0.5,degrade,0.4,0.0133333333333333,2.644
596,min-energy,star,100,3997,0.5,degrade,0.5,0.0183333333333333,2.682
597,min-energy,star,100,3997,0.5,degrade,0.6,0.0244444444444444,2.831
598,min-energy,star,100,3997,0.5,kill,0.01,0.2638888888888889,3.498
599,min-energy,star,100,3997,0.5,kill,0.05,0.1377777777777777,3.179
600,min-energy,star,100,3997,0.5,kill,0.1,0.0727777777777777,3.335
601,min-energy,hierarchical,100,42,0.0,degrade,0.4,0.0183333333333333,6.356
602,min-energy,hierarchical,100,42,0.0,degrade,0.5,0.0244444444444444,7.057
603,min-energy,hierarchical,100,42,0.0,degrade,0.6,0.0338888888888888,8.218
604,min-energy,hierarchical,100,42,0.0,kill,0.01,0.82,6.534
605,min-energy,hierarchical,100,42,0.0,kill,0.05,0.36,6.447
606,min-energy,hierarchical,100,42,0.0,kill,0.1,0.355,5.732
607,min-energy,hierarchical,100,42,0.5,degrade,0.4,0.0177777777777777,6.508
608,min-energy,hierarchical,100,42,0.5,degrade,0.5,0.0238888888888888,7.4
609,min-energy,hierarchical,100,42,0.5,degrade,0.6,0.0327777777777777,7.985
610,min-energy,hierarchical,100,42,0.5,kill,0.01,0.4216666666666667,7.797
611,min-energy,hierarchical,100,42,0.5,kill,0.05,0.1966666666666666,7.149
612,min-energy,hierarchical,100,42,0.5,kill,0.1,0.1866666666666666,6.75
613,min-energy,hierarchical,100,3997,0.0,degrade,0.4,0.0194444444444444,5.515
614,min-energy,hierarchical,100,3997,0.0,degrade,0.5,0.025,5.753
615,min-energy,hierarchical,100,3997,0.0,degrade,0.6,0.035,5.638
616,min-energy,hierarchical,100,3997,0.0,kill,0.01,0.7716666666666666,5.172
617,min-energy,hierarchical,100,3997,0.0,kill,0.05,0.4922222222222222,5.716
618,min-energy,hierarchical,100,3997,0.0,kill,0.1,0.3616666666666667,6.14
619,min-energy,hierarchical,100,3997,0.5,degrade,0.4,0.0027777777777777,6.292
620,min-energy,hierarchical,100,3997,0.5,degrade,0.5,0.0183333333333333,6.79
621,min-energy,hierarchical,100,3997,0.5,degrade,0.6,0.0233333333333333,6.614
622,min-energy,hierarchical,100,3997,0.5,kill,0.01,0.3883333333333333,8.027
623,min-energy,hierarchical,100,3997,0.5,kill,0.05,0.31,6.843
624,min-energy,hierarchical,100,3997,0.5,kill,0.1,0.1633333333333333,6.695
625,min-energy,random,100,42,0.0,degrade,0.4,0.0183333333333333,7.178
626,min-energy,random,100,42,0.0,degrade,0.5,0.0244444444444444,6.968
627,min-energy,random,100,42,0.0,degrade,0.6,0.0338888888888888,7.532
628,min-energy,random,100,42,0.0,kill,0.01,0.82,7.403
629,min-energy,random,100,42,0.0,kill,0.05,0.36,6.867
630,min-energy,random,100,42,0.0,kill,0.1,0.3933333333333333,6.15
631,min-energy,random,100,42,0.5,degrade,0.4,0.0177777777777777,7.689
632,min-energy,random,100,42,0.5,degrade,0.5,0.0238888888888888,8.454
633,min-energy,random,100,42,0.5,degrade,0.6,0.0327777777777777,9.529
634,min-energy,random,100,42,0.5,kill,0.01,0.4133333333333333,8.93
635,min-energy,random,100,42,0.5,kill,0.05,0.1966666666666666,8.136
636,min-energy,random,100,42,0.5,kill,0.1,0.1816666666666666,7.597
637,min-energy,random,100,3997,0.0,degrade,0.4,0.0194444444444444,6.699
638,min-energy,random,100,3997,0.0,degrade,0.5,0.025,7.105
639,min-energy,random,100,3997,0.0,degrade,0.6,0.035,7.469
640,min-energy,random,100,3997,0.0,kill,0.01,0.475,7.232
641,min-energy,random,100,3997,0.0,kill,0.05,0.4966666666666666,7.333
642,min-energy,random,100,3997,0.0,kill,0.1,0.3616666666666667,7.045
643,min-energy,random,100,3997,0.5,degrade,0.4,0.0161111111111111,7.337
644,min-energy,random,100,3997,0.5,degrade,0.5,0.0083333333333333,7.726
645,min-energy,random,100,3997,0.5,degrade,0.6,0.0111111111111111,8.391
646,min-energy,random,100,3997,0.5,kill,0.01,0.3933333333333333,9.739
647,min-energy,random,100,3997,0.5,kill,0.05,0.3166666666666666,8.005
648,min-energy,random,100,3997,0.5,kill,0.1,0.23,7.399
649,first-fit,star,300,42,0.0,degrade,0.4,0.065,4.668
650,first-fit,star,300,42,0.0,degrade,0.5,0.0883333333333333,4.832
651,first-fit,star,300,42,0.0,degrade,0.6,0.12,4.993
652,first-fit,star,300,42,0.0,kill,0.01,0.8616666666666667,6.024
653,first-fit,star,300,42,0.0,kill,0.05,0.6238888888888889,5.753
654,first-fit,star,300,42,0.0,kill,0.1,0.5044444444444445,6.053
655,first-fit,star,300,42,0.5,degrade,0.4,0.0638888888888888,5.277
656,first-fit,star,300,42,0.5,degrade,0.5,0.0861111111111111,5.222
657,first-fit,star,300,42,0.5,degrade,0.6,0.12,5.505
658,first-fit,star,300,42,0.5,kill,0.01,0.8572222222222222,6.136
659,first-fit,star,300,42,0.5,kill,0.05,0.4461111111111111,7.131
660,first-fit,star,300,42,0.5,kill,0.1,0.3572222222222222,6.45
661,first-fit,star,300,3997,0.0,degrade,0.4,0.065,5.013
662,first-fit,star,300,3997,0.0,degrade,0.5,0.0911111111111111,5.116
663,first-fit,star,300,3997,0.0,degrade,0.6,0.1222222222222222,5.158
664,first-fit,star,300,3997,0.0,kill,0.01,0.9138888888888888,5.569
665,first-fit,star,300,3997,0.0,kill,0.05,0.605,6.277
666,first-fit,star,300,3997,0.0,kill,0.1,0.4744444444444444,6.2
667,first-fit,star,300,3997,0.5,degrade,0.4,0.0472222222222222,5.248
668,first-fit,star,300,3997,0.5,degrade,0.5,0.0688888888888888,5.799
669,first-fit,star,300,3997,0.5,degrade,0.6,0.0905555555555555,6.336
670,first-fit,star,300,3997,0.5,kill,0.01,0.7155555555555555,7.014
671,first-fit,star,300,3997,0.5,kill,0.05,0.4561111111111111,6.606
672,first-fit,star,300,3997,0.5,kill,0.1,0.3244444444444444,6.46
673,first-fit,hierarchical,300,42,0.0,degrade,0.4,0.07,42.649
674,first-fit,hierarchical,300,42,0.0,degrade,0.5,0.0922222222222222,51.702
675,first-fit,hierarchical,300,42,0.0,degrade,0.6,0.1283333333333333,59.457
676,first-fit,hierarchical,300,42,0.0,kill,0.01,0.9366666666666666,45.365
677,first-fit,hierarchical,300,42,0.0,kill,0.05,0.79,38.337
678,first-fit,hierarchical,300,42,0.0,kill,0.1,0.685,38.155
679,first-fit,hierarchical,300,42,0.5,degrade,0.4,0.0683333333333333,50.452
680,first-fit,hierarchical,300,42,0.5,degrade,0.5,0.0922222222222222,54.222
681,first-fit,hierarchical,300,42,0.5,degrade,0.6,0.1272222222222222,61.04
682,first-fit,hierarchical,300,42,0.5,kill,0.01,0.9266666666666666,61.769
683,first-fit,hierarchical,300,42,0.5,kill,0.05,0.7316666666666667,48.728
684,first-fit,hierarchical,300,42,0.5,kill,0.1,0.6383333333333333,44.153
685,first-fit,hierarchical,300,3997,0.0,degrade,0.4,0.0666666666666666,49.403
686,first-fit,hierarchical,300,3997,0.0,degrade,0.5,0.0927777777777777,55.137
687,first-fit,hierarchical,300,3997,0.0,degrade,0.6,0.1255555555555555,60.765
688,first-fit,hierarchical,300,3997,0.0,kill,0.01,0.955,45.579
689,first-fit,hierarchical,300,3997,0.0,kill,0.05,0.7883333333333333,39.774
690,first-fit,hierarchical,300,3997,0.0,kill,0.1,0.6866666666666666,38.73
691,first-fit,hierarchical,300,3997,0.5,degrade,0.4,0.0688888888888888,57.065
692,first-fit,hierarchical,300,3997,0.5,degrade,0.5,0.0922222222222222,57.58
693,first-fit,hierarchical,300,3997,0.5,degrade,0.6,0.1277777777777777,61.32
694,first-fit,hierarchical,300,3997,0.5,kill,0.01,0.9133333333333332,63.233
695,first-fit,hierarchical,300,3997,0.5,kill,0.05,0.745,48.958
696,first-fit,hierarchical,300,3997,0.5,kill,0.1,0.6433333333333333,47.408
697,first-fit,random,300,42,0.0,degrade,0.4,0.07,56.26
698,first-fit,random,300,42,0.0,degrade,0.5,0.0922222222222222,63.359
699,first-fit,random,300,42,0.0,degrade,0.6,0.1283333333333333,71.523
700,first-fit,random,300,42,0.0,kill,0.01,0.9366666666666666,56.135
701,first-fit,random,300,42,0.0,kill,0.05,0.79,45.484
702,first-fit,random,300,42,0.0,kill,0.1,0.6816666666666666,45.397
703,first-fit,random,300,42,0.5,degrade,0.4,0.0683333333333333,62.574
704,first-fit,random,300,42,0.5,degrade,0.5,0.0922222222222222,72.288
705,first-fit,random,300,42,0.5,degrade,0.6,0.1272222222222222,80.684
706,first-fit,random,300,42,0.5,kill,0.01,0.9166666666666666,74.757
707,first-fit,random,300,42,0.5,kill,0.05,0.7433333333333333,57.541
708,first-fit,random,300,42,0.5,kill,0.1,0.6333333333333333,52.715
709,first-fit,random,300,3997,0.0,degrade,0.4,0.0666666666666666,57.91
710,first-fit,random,300,3997,0.0,degrade,0.5,0.0927777777777777,59.981
711,first-fit,random,300,3997,0.0,degrade,0.6,0.1255555555555555,65.112
712,first-fit,random,300,3997,0.0,kill,0.01,0.9516666666666668,55.26
713,first-fit,random,300,3997,0.0,kill,0.05,0.7883333333333333,44.253
714,first-fit,random,300,3997,0.0,kill,0.1,0.6866666666666666,45.093
715,first-fit,random,300,3997,0.5,degrade,0.4,0.0688888888888888,66.524
716,first-fit,random,300,3997,0.5,degrade,0.5,0.0922222222222222,64.311
717,first-fit,random,300,3997,0.5,degrade,0.6,0.1277777777777777,67.826
718,first-fit,random,300,3997,0.5,kill,0.01,0.9266666666666666,70.083
719,first-fit,random,300,3997,0.5,kill,0.05,0.7366666666666667,59.085
720,first-fit,random,300,3997,0.5,kill,0.1,0.6316666666666667,52.886
721,best-fit,star,300,42,0.0,degrade,0.4,0.0161111111111111,6.449
722,best-fit,star,300,42,0.0,degrade,0.5,0.0161111111111111,7.028
723,best-fit,star,300,42,0.0,degrade,0.6,0.025,7.597
724,best-fit,star,300,42,0.0,kill,0.01,0.0838888888888888,13.34
725,best-fit,star,300,42,0.0,kill,0.05,0.0522222222222222,11.435
726,best-fit,star,300,42,0.0,kill,0.1,0.0283333333333333,11.368
727,best-fit,star,300,42,0.5,degrade,0.4,0.0166666666666666,6.709
728,best-fit,star,300,42,0.5,degrade,0.5,0.0177777777777777,7.063
729,best-fit,star,300,42,0.5,degrade,0.6,0.03,7.906
730,best-fit,star,300,42,0.5,kill,0.01,0.0488888888888888,13.246
731,best-fit,star,300,42,0.5,kill,0.05,0.0238888888888888,11.643
732,best-fit,star,300,42,0.5,kill,0.1,0.0144444444444444,11.277
733,best-fit,star,300,3997,0.0,degrade,0.4,0.0477777777777777,5.616
734,best-fit,star,300,3997,0.0,degrade,0.5,0.0683333333333333,5.971
735,best-fit,star,300,3997,0.0,degrade,0.6,0.0988888888888888,6.473
736,best-fit,star,300,3997,0.0,kill,0.01,0.0516666666666666,11.825
737,best-fit,star,300,3997,0.0,kill,0.05,0.07,11.309
738,best-fit,star,300,3997,0.0,kill,0.1,0.0811111111111111,10.756
739,best-fit,star,300,3997,0.5,degrade,0.4,0.0105555555555555,6.324
740,best-fit,star,300,3997,0.5,degrade,0.5,0.0211111111111111,6.599
741,best-fit,star,300,3997,0.5,degrade,0.6,0.0222222222222222,7.595
742,best-fit,star,300,3997,0.5,kill,0.01,0.0233333333333333,13.882
743,best-fit,star,300,3997,0.5,kill,0.05,0.0077777777777777,12.137
744,best-fit,star,300,3997,0.5,kill,0.1,0.0033333333333333,11.091
745,best-fit,hierarchical,300,42,0.0,degrade,0.4,0.0672222222222222,58.134
746,best-fit,hierarchical,300,42,0.0,degrade,0.5,0.0905555555555555,66.772
747,best-fit,hierarchical,300,42,0.0,degrade,0.6,0.1222222222222222,73.222
748,best-fit,hierarchical,300,42,0.0,kill,0.01,0.915,89.127
749,best-fit,hierarchical,300,42,0.0,kill,0.05,0.685,65.725
750,best-fit,hierarchical,300,42,0.0,kill,0.1,0.57,60.567
751,best-fit,hierarchical,300,42,0.5,degrade,0.4,0.0655555555555555,64.507
752,best-fit,hierarchical,300,42,0.5,degrade,0.5,0.0866666666666666,67.947
753,best-fit,hierarchical,300,42,0.5,degrade,0.6,0.1194444444444444,82.564
754,best-fit,hierarchical,300,42,0.5,kill,0.01,0.87,92.669
755,best-fit,hierarchical,300,42,0.5,kill,0.05,0.6166666666666667,73.977
756,best-fit,hierarchical,300,42,0.5,kill,0.1,0.55,68.454
757,best-fit,hierarchical,300,3997,0.0,degrade,0.4,0.0661111111111111,64.168
758,best-fit,hierarchical,300,3997,0.0,degrade,0.5,0.0866666666666666,63.504
759,best-fit,hierarchical,300,3997,0.0,degrade,0.6,0.1205555555555555,79.69
760,best-fit,hierarchical,300,3997,0.0,kill,0.01,0.92,74.465
761,best-fit,hierarchical,300,3997,0.0,kill,0.05,0.695,59.524
762,best-fit,hierarchical,300,3997,0.0,kill,0.1,0.5983333333333334,58.029
763,best-fit,hierarchical,300,3997,0.5,degrade,0.4,0.0672222222222222,71.032
764,best-fit,hierarchical,300,3997,0.5,degrade,0.5,0.0883333333333333,72.417
765,best-fit,hierarchical,300,3997,0.5,degrade,0.6,0.1222222222222222,85.259
766,best-fit,hierarchical,300,3997,0.5,kill,0.01,0.8583333333333333,95.942
767,best-fit,hierarchical,300,3997,0.5,kill,0.05,0.6233333333333333,75.999
768,best-fit,hierarchical,300,3997,0.5,kill,0.1,0.55,70.374
769,best-fit,random,300,42,0.0,degrade,0.4,0.0672222222222222,82.353
770,best-fit,random,300,42,0.0,degrade,0.5,0.0905555555555555,83.664
771,best-fit,random,300,42,0.0,degrade,0.6,0.1222222222222222,94.271
772,best-fit,random,300,42,0.0,kill,0.01,0.915,102.037
773,best-fit,random,300,42,0.0,kill,0.05,0.685,75.17
774,best-fit,random,300,42,0.0,kill,0.1,0.57,67.915
775,best-fit,random,300,42,0.5,degrade,0.4,0.0655555555555555,75.962
776,best-fit,random,300,42,0.5,degrade,0.5,0.0872222222222222,83.067
777,best-fit,random,300,42,0.5,degrade,0.6,0.1211111111111111,99.168
778,best-fit,random,300,42,0.5,kill,0.01,0.8766666666666667,117.423
779,best-fit,random,300,42,0.5,kill,0.05,0.635,88.283
780,best-fit,random,300,42,0.5,kill,0.1,0.55,81.12
781,best-fit,random,300,3997,0.0,degrade,0.4,0.0661111111111111,75.037
782,best-fit,random,300,3997,0.0,degrade,0.5,0.0866666666666666,72.372
783,best-fit,random,300,3997,0.0,degrade,0.6,0.1205555555555555,87.431
784,best-fit,random,300,3997,0.0,kill,0.01,0.92,94.513
785,best-fit,random,300,3997,0.0,kill,0.05,0.695,70.597
786,best-fit,random,300,3997,0.0,kill,0.1,0.5983333333333334,66.283
787,best-fit,random,300,3997,0.5,degrade,0.4,0.0672222222222222,79.55
788,best-fit,random,300,3997,0.5,degrade,0.5,0.0883333333333333,84.697
789,best-fit,random,300,3997,0.5,degrade,0.6,0.1222222222222222,100.047
790,best-fit,random,300,3997,0.5,kill,0.01,0.8583333333333333,111.225
791,best-fit,random,300,3997,0.5,kill,0.05,0.6233333333333333,86.817
792,best-fit,random,300,3997,0.5,kill,0.1,0.54,78.318
793,min-energy,star,300,42,0.0,degrade,0.4,0.0022222222222222,6.578
794,min-energy,star,300,42,0.0,degrade,0.5,0.0022222222222222,6.956
795,min-energy,star,300,42,0.0,degrade,0.6,0.0022222222222222,7.658
796,min-energy,star,300,42,0.0,kill,0.01,0.9066666666666666,5.624
797,min-energy,star,300,42,0.0,kill,0.05,0.5538888888888889,6.523
798,min-energy,star,300,42,0.0,kill,0.1,0.3666666666666666,7.464
799,min-energy,star,300,42,0.5,degrade,0.4,0.02,6.369
800,min-energy,star,300,42,0.5,degrade,0.5,0.0261111111111111,6.494
801,min-energy,star,300,42,0.5,degrade,0.6,0.0344444444444444,6.431
802,min-energy,star,300,42,0.5,kill,0.01,0.5222222222222223,7.613
803,min-energy,star,300,42,0.5,kill,0.05,0.4166666666666667,7.462
804,min-energy,star,300,42,0.5,kill,0.1,0.2222222222222222,7.882
805,min-energy,star,300,3997,0.0,degrade,0.4,0.0005555555555555,6.379
806,min-energy,star,300,3997,0.0,degrade,0.5,0.0011111111111111,6.598
807,min-energy,star,300,3997,0.0,degrade,0.6,0.0022222222222222,6.865
808,min-energy,star,300,3997,0.0,kill,0.01,0.8038888888888889,6.637
809,min-energy,star,300,3997,0.0,kill,0.05,0.6694444444444444,6.609
810,min-energy,star,300,3997,0.0,kill,0.1,0.3572222222222222,7.555
811,min-energy,star,300,3997,0.5,degrade,0.4,0.0061111111111111,6.395
812,min-energy,star,300,3997,0.5,degrade,0.5,0.0072222222222222,6.898
813,min-energy,star,300,3997,0.5,degrade,0.6,0.0094444444444444,7.13
814,min-energy,star,300,3997,0.5,kill,0.01,0.7466666666666667,6.297
815,min-energy,star,300,3997,0.5,kill,0.05,0.3227777777777778,7.693
816,min-energy,star,300,3997,0.5,kill,0.1,0.2244444444444444,7.92
817,min-energy,hierarchical,300,42,0.0,degrade,0.4,0.0194444444444444,51.841
818,min-energy,hierarchical,300,42,0.0,degrade,0.5,0.0255555555555555,53.886
819,min-energy,hierarchical,300,42,0.0,degrade,0.6,0.0338888888888888,60.772
820,min-energy,hierarchical,300,42,0.0,kill,0.01,0.9466666666666668,32.054
821,min-energy,hierarchical,300,42,0.0,kill,0.05,0.7116666666666667,37.792
822,min-energy,hierarchical,300,42,0.0,kill,0.1,0.5316666666666666,37.313
823,min-energy,hierarchical,300,42,0.5,degrade,0.4,0.02,50.381
824,min-energy,hierarchical,300,42,0.5,degrade,0.5,0.0261111111111111,51.501
825,min-energy,hierarchical,300,42,0.5,degrade,0.6,0.035,56.496
826,min-energy,hierarchical,300,42,0.5,kill,0.01,0.9216666666666666,44.491
827,min-energy,hierarchical,300,42,0.5,kill,0.05,0.5533333333333333,44.814
828,min-energy,hierarchical,300,42,0.5,kill,0.1,0.3883333333333333,42.782
829,min-energy,hierarchical,300,3997,0.0,degrade,0.4,0.0194444444444444,50.335
830,min-energy,hierarchical,300,3997,0.0,degrade,0.5,0.0255555555555555,51.637
831,min-energy,hierarchical,300,3997,0.0,degrade,0.6,0.0344444444444444,57.833
832,min-energy,hierarchical,300,3997,0.0,kill,0.01,0.935,42.12
833,min-energy,hierarchical,300,3997,0.0,kill,0.05,0.725,40.662
834,min-energy,hierarchical,300,3997,0.0,kill,0.1,0.545,39.284
835,min-energy,hierarchical,300,3997,0.5,degrade,0.4,0.0194444444444444,55.315
836,min-energy,hierarchical,300,3997,0.5,degrade,0.5,0.0255555555555555,60.042
837,min-energy,hierarchical,300,3997,0.5,degrade,0.6,0.0344444444444444,65.415
838,min-energy,hierarchical,300,3997,0.5,kill,0.01,0.9083333333333332,47.613
839,min-energy,hierarchical,300,3997,0.5,kill,0.05,0.625,44.345
840,min-energy,hierarchical,300,3997,0.5,kill,0.1,0.4566666666666666,43.788
841,min-energy,random,300,42,0.0,degrade,0.4,0.0194444444444444,63.798
842,min-energy,random,300,42,0.0,degrade,0.5,0.0255555555555555,64.484
843,min-energy,random,300,42,0.0,degrade,0.6,0.0338888888888888,67.365
844,min-energy,random,300,42,0.0,kill,0.01,0.9466666666666668,41.005
845,min-energy,random,300,42,0.0,kill,0.05,0.7116666666666667,42.559
846,min-energy,random,300,42,0.0,kill,0.1,0.5316666666666666,44.734
847,min-energy,random,300,42,0.5,degrade,0.4,0.02,59.175
848,min-energy,random,300,42,0.5,degrade,0.5,0.0261111111111111,62.657
849,min-energy,random,300,42,0.5,degrade,0.6,0.035,67.707
850,min-energy,random,300,42,0.5,kill,0.01,0.9216666666666666,52.696
851,min-energy,random,300,42,0.5,kill,0.05,0.5516666666666666,53.714
852,min-energy,random,300,42,0.5,kill,0.1,0.4366666666666666,49.239
853,min-energy,random,300,3997,0.0,degrade,0.4,0.0194444444444444,63.136
854,min-energy,random,300,3997,0.0,degrade,0.5,0.0255555555555555,61.849
855,min-energy,random,300,3997,0.0,degrade,0.6,0.0344444444444444,70.87
856,min-energy,random,300,3997,0.0,kill,0.01,0.935,50.214
857,min-energy,random,300,3997,0.0,kill,0.05,0.7233333333333334,45.25
858,min-energy,random,300,3997,0.0,kill,0.1,0.545,44.33
859,min-energy,random,300,3997,0.5,degrade,0.4,0.0194444444444444,65.111
860,min-energy,random,300,3997,0.5,degrade,0.5,0.0255555555555555,66.672
861,min-energy,random,300,3997,0.5,degrade,0.6,0.0344444444444444,76.396
862,min-energy,random,300,3997,0.5,kill,0.01,0.8733333333333333,53.074
863,min-energy,random,300,3997,0.5,kill,0.05,0.6633333333333333,50.454
864,min-energy,random,300,3997,0.5,kill,0.1,0.45,50.806
865,first-fit,star,20,42,0.75,degrade,0.4,0.011666666666666667,0.712
866,first-fit,star,20,42,0.75,degrade,0.5,0.023333333333333334,0.639
867,first-fit,star,20,42,0.75,degrade,0.6,0.029444444444444443,0.748
868,first-fit,star,20,42,0.75,kill,0.01,0.2577777777777778,0.674
869,first-fit,star,20,42,0.75,kill,0.05,0.11666666666666667,0.687
870,first-fit,star,20,42,0.75,kill,0.1,0.14777777777777779,0.618
871,first-fit,star,20,3997,0.75,degrade,0.4,0.022222222222222223,0.671
872,first-fit,star,20,3997,0.75,degrade,0.5,0.041666666666666664,0.646
873,first-fit,star,20,3997,0.75,degrade,0.6,0.07722222222222222,0.678
874,first-fit,star,20,3997,0.75,kill,0.01,0.3016666666666667,0.705
875,first-fit,star,20,3997,0.75,kill,0.05,0.31666666666666665,0.752
876,first-fit,star,20,3997,0.75,kill,0.1,0.22444444444444445,0.691
877,first-fit,star,50,42,0.75,degrade,0.4,0.05333333333333334,1.053
878,first-fit,star,50,42,0.75,degrade,0.5,0.07555555555555556,1.144
879,first-fit,star,50,42,0.75,degrade,0.6,0.10444444444444445,1.19
880,first-fit,star,50,42,0.75,kill,0.01,0.6722222222222223,1.501
881,first-fit,star,50,42,0.75,kill,0.05,0.2461111111111111,1.412
882,first-fit,star,50,42,0.75,kill,0.1,0.14,1.554
883,first-fit,star,50,3997,0.75,degrade,0.4,0.04666666666666667,1.167
884,first-fit,star,50,3997,0.75,degrade,0.5,0.06777777777777778,1.122
885,first-fit,star,50,3997,0.75,degrade,0.6,0.09722222222222222,1.155
886,first-fit,star,50,3997,0.75,kill,0.01,0.5961111111111111,1.186
887,first-fit,star,50,3997,0.75,kill,0.05,0.3211111111111111,1.413
888,first-fit,star,50,3997,0.75,kill,0.1,0.2811111111111111,1.463
889,first-fit,star,100,42,0.75,degrade,0.4,0.04833333333333333,1.887
890,first-fit,star,100,42,0.75,degrade,0.5,0.065,1.96
891,first-fit,star,100,42,0.75,degrade,0.6,0.09333333333333334,1.993
892,first-fit,star,100,42,0.75,kill,0.01,0.6644444444444444,2.197
893,first-fit,star,100,42,0.75,kill,0.05,0.29,2.445
894,first-fit,star,100,42,0.75,kill,0.1,0.2538888888888889,2.351
895,first-fit,star,100,3997,0.75,degrade,0.4,0.056666666666666664,1.889
896,first-fit,star,100,3997,0.75,degrade,0.5,0.08055555555555556,1.844
897,first-fit,star,100,3997,0.75,degrade,0.6,0.10888888888888888,2.083
898,first-fit,star,100,3997,0.75,kill,0.01,0.7394444444444445,2.308
899,first-fit,star,100,3997,0.75,kill,0.05,0.3522222222222222,2.457
900,first-fit,star,100,3997,0.75,kill,0.1,0.2872222222222222,2.5
901,first-fit,star,300,42,0.75,degrade,0.4,0.06388888888888888,4.86
902,first-fit,star,300,42,0.75,degrade,0.5,0.08555555555555555,5.048
903,first-fit,star,300,42,0.75,degrade,0.6,0.11444444444444445,5.311
904,first-fit,star,300,42,0.75,kill,0.01,0.5988888888888889,6.217
905,first-fit,star,300,42,0.75,kill,0.05,0.36944444444444446,6.3
906,first-fit,star,300,42,0.75,kill,0.1,0.29833333333333334,6.081
907,first-fit,star,300,3997,0.75,degrade,0.4,0.06111111111111111,5.1
908,first-fit,star,300,3997,0.75,degrade,0.5,0.08277777777777778,4.983
909,first-fit,star,300,3997,0.75,degrade,0.6,0.11722222222222223,5.274
910,first-fit,star,300,3997,0.75,kill,0.01,0.4638888888888889,7.071
911,first-fit,star,300,3997,0.75,kill,0.05,0.36444444444444446,6.491
912,first-fit,star,300,3997,0.75,kill,0.1,0.2638888888888889,6.042
913,first-fit,hierarchical,20,42,0.75,degrade,0.4,0.0661111111111111,0.792
914,first-fit,hierarchical,20,42,0.75,degrade,0.5,0.08833333333333333,0.752
915,first-fit,hierarchical,20,42,0.75,degrade,0.6,0.11888888888888889,0.84
916,first-fit,hierarchical,20,42,0.75,kill,0.01,0.36666666666666664,0.855
917,first-fit,hierarchical,20,42,0.75,kill,0.05,0.21444444444444444,0.762
918,first-fit,hierarchical,20,42,0.75,kill,0.1,0.12777777777777777,0.789
919,first-fit,hierarchical,20,3997,0.75,degrade,0.4,0.065,0.785
920,first-fit,hierarchical,20,3997,0.75,degrade,0.5,0.08777777777777777,0.748
921,first-fit,hierarchical,20,3997,0.75,degrade,0.6,0.10944444444444444,0.778
922,first-fit,hierarchical,20,3997,0.75,kill,0.01,0.38555555555555554,0.942
923,first-fit,hierarchical,20,3997,0.75,kill,0.05,0.30722222222222223,0.847
924,first-fit,hierarchical,20,3997,0.75,kill,0.1,0.2922222222222222,0.88
925,first-fit,hierarchical,50,42,0.75,degrade,0.4,0.06833333333333333,2.206
926,first-fit,hierarchical,50,42,0.75,degrade,0.5,0.09111111111111111,2.188
927,first-fit,hierarchical,50,42,0.75,degrade,0.6,0.12444444444444444,2.479
928,first-fit,hierarchical,50,42,0.75,kill,0.01,0.8216666666666667,2.964
929,first-fit,hierarchical,50,42,0.75,kill,0.05,0.495,2.688
930,first-fit,hierarchical,50,42,0.75,kill,0.1,0.4577777777777778,2.49
931,first-fit,hierarchical,50,3997,0.75,degrade,0.4,0.06666666666666667,2.187
932,first-fit,hierarchical,50,3997,0.75,degrade,0.5,0.09055555555555556,2.216
933,first-fit,hierarchical,50,3997,0.75,degrade,0.6,0.12444444444444444,2.568
934,first-fit,hierarchical,50,3997,0.75,kill,0.01,0.7577777777777778,2.632
935,first-fit,hierarchical,50,3997,0.75,kill,0.05,0.5538888888888889,2.463
936,first-fit,hierarchical,50,3997,0.75,kill,0.1,0.46444444444444444,2.421
937,first-fit,hierarchical,100,42,0.75,degrade,0.4,0.06833333333333333,5.878
938,first-fit,hierarchical,100,42,0.75,degrade,0.5,0.09222222222222222,6.222
939,first-fit,hierarchical,100,42,0.75,degrade,0.6,0.12555555555555556,6.46
940,first-fit,hierarchical,100,42,0.75,kill,0.01,0.905,9.425
941,first-fit,hierarchical,100,42,0.75,kill,0.05,0.6638888888888889,8.294
942,first-fit,hierarchical,100,42,0.75,kill,0.1,0.535,7.905
943,first-fit,hierarchical,100,3997,0.75,degrade,0.4,0.06444444444444444,5.732
944,first-fit,hierarchical,100,3997,0.75,degrade,0.5,0.09055555555555556,6.554
945,first-fit,hierarchical,100,3997,0.75,degrade,0.6,0.12222222222222222,5.756
946,first-fit,hierarchical,100,3997,0.75,kill,0.01,0.8883333333333333,7.738
947,first-fit,hierarchical,100,3997,0.75,kill,0.05,0.6444444444444445,7.21
948,first-fit,hierarchical,100,3997,0.75,kill,0.1,0.5561111111111111,6.457
949,first-fit,hierarchical,300,42,0.75,degrade,0.4,0.065,45.888
950,first-fit,hierarchical,300,42,0.75,degrade,0.5,0.08944444444444444,49.894
951,first-fit,hierarchical,300,42,0.75,degrade,0.6,0.12444444444444444,61.992
952,first-fit,hierarchical,300,42,0.75,kill,0.01,0.9016666666666666,57.129
953,first-fit,hierarchical,300,42,0.75,kill,0.05,0.6833333333333333,43.226
954,first-fit,hierarchical,300,42,0.75,kill,0.1,0.5883333333333334,41.921
955,first-fit,hierarchical,300,3997,0.75,degrade,0.4,0.06722222222222222,52.759
956,first-fit,hierarchical,300,3997,0.75,degrade,0.5,0.09,53.658
957,first-fit,hierarchical,300,3997,0.75,degrade,0.6,0.12611111111111112,65.986
958,first-fit,hierarchical,300,3997,0.75,kill,0.01,0.8933333333333333,56.015
959,first-fit,hierarchical,300,3997,0.75,kill,0.05,0.6833333333333333,47.089
960,first-fit,hierarchical,300,3997,0.75,kill,0.1,0.57,44.402
961,first-fit,random,20,42,0.75,degrade,0.4,0.0661111111111111,0.784
962,first-fit,random,20,42,0.75,degrade,0.5,0.08777777777777777,0.802
963,first-fit,random,20,42,0.75,degrade,0.6,0.11944444444444445,0.857
964,first-fit,random,20,42,0.75,kill,0.01,0.5361111111111111,1.09
965,first-fit,random,20,42,0.75,kill,0.05,0.1111111111111111,0.811
966,first-fit,random,20,42,0.75,kill,0.1,0.14888888888888888,0.795
967,first-fit,random,20,3997,0.75,degrade,0.4,0.06833333333333333,0.79
968,first-fit,random,20,3997,0.75,degrade,0.5,0.09166666666666666,0.836
969,first-fit,random,20,3997,0.75,degrade,0.6,0.12166666666666667,0.925
970,first-fit,random,20,3997,0.75,kill,0.01,0.5477777777777778,1.086
971,first-fit,random,20,3997,0.75,kill,0.05,0.20944444444444443,0.872
972,first-fit,random,20,3997,0.75,kill,0.1,0.23666666666666666,0.883
973,first-fit,random,50,42,0.75,degrade,0.4,0.06722222222222222,2.235
974,first-fit,random,50,42,0.75,degrade,0.5,0.08888888888888889,2.291
975,first-fit,random,50,42,0.75,degrade,0.6,0.1238888888888889,2.719
976,first-fit,random,50,42,0.75,kill,0.01,0.7233333333333334,3.193
977,first-fit,random,50,42,0.75,kill,0.05,0.5688888888888889,3.075
978,first-fit,random,50,42,0.75,kill,0.1,0.4866666666666667,2.513
979,first-fit,random,50,3997,0.75,degrade,0.4,0.05388888888888889,1.973
980,first-fit,random,50,3997,0.75,degrade,0.5,0.09055555555555556,1.956
981,first-fit,random,50,3997,0.75,degrade,0.6,0.11888888888888889,2.577
982,first-fit,random,50,3997,0.75,kill,0.01,0.84,2.818
983,first-fit,random,50,3997,0.75,kill,0.05,0.6411111111111111,2.625
984,first-fit,random,50,3997,0.75,kill,0.1,0.5027777777777778,2.486
985,first-fit,random,100,42,0.75,degrade,0.4,0.07055555555555555,5.567
986,first-fit,random,100,42,0.75,degrade,0.5,0.09055555555555556,6.158
987,first-fit,random,100,42,0.75,degrade,0.6,0.12444444444444444,7.294
988,first-fit,random,100,42,0.75,kill,0.01,0.875,10.691
989,first-fit,random,100,42,0.75,kill,0.05,0.6716666666666666,7.771
990,first-fit,random,100,42,0.75,kill,0.1,0.5433333333333333,7.637
991,first-fit,random,100,3997,0.75,degrade,0.4,0.06777777777777778,6.162
992,first-fit,random,100,3997,0.75,degrade,0.5,0.08833333333333333,7.125
993,first-fit,random,100,3997,0.75,degrade,0.6,0.12277777777777778,7.838
994,first-fit,random,100,3997,0.75,kill,0.01,0.9,9.925
995,first-fit,random,100,3997,0.75,kill,0.05,0.5966666666666667,7.929
996,first-fit,random,100,3997,0.75,kill,0.1,0.5283333333333333,7.211
997,first-fit,random,300,42,0.75,degrade,0.4,0.06666666666666667,61.452
998,first-fit,random,300,42,0.75,degrade,0.5,0.09111111111111111,63.471
999,first-fit,random,300,42,0.75,degrade,0.6,0.12444444444444444,81.696
1000,first-fit,random,300,42,0.75,kill,0.01,0.89,66.965
1001,first-fit,random,300,42,0.75,kill,0.05,0.705,52.619
1002,first-fit,random,300,42,0.75,kill,0.1,0.58,49.783
1003,first-fit,random,300,3997,0.75,degrade,0.4,0.0661111111111111,61.409
1004,first-fit,random,300,3997,0.75,degrade,0.5,0.09111111111111111,65.06
1005,first-fit,random,300,3997,0.75,degrade,0.6,0.11944444444444445,79.893
1006,first-fit,random,300,3997,0.75,kill,0.01,0.9016666666666666,65.581
1007,first-fit,random,300,3997,0.75,kill,0.05,0.6916666666666667,55.183
1008,first-fit,random,300,3997,0.75,kill,0.1,0.555,53.906
1009,best-fit,star,20,42,0.75,degrade,0.4,0.011666666666666667,0.806
1010,best-fit,star,20,42,0.75,degrade,0.5,0.023333333333333334,0.813
1011,best-fit,star,20,42,0.75,degrade,0.6,0.03222222222222222,0.801
1012,best-fit,star,20,42,0.75,kill,0.01,0.09777777777777778,0.885
1013,best-fit,star,20,42,0.75,kill,0.05,0.19666666666666666,0.769
1014,best-fit,star,20,42,0.75,kill,0.1,0.09555555555555556,0.803
1015,best-fit,star,20,3997,0.75,degrade,0.4,0.01611111111111111,0.721
1016,best-fit,star,20,3997,0.75,degrade,0.5,0.021666666666666667,0.79
1017,best-fit,star,20,3997,0.75,degrade,0.6,0.043333333333333335,0.817
1018,best-fit,star,20,3997,0.75,kill,0.01,0.13777777777777778,0.991
1019,best-fit,star,20,3997,0.75,kill,0.05,0.15055555555555555,1.01
1020,best-fit,star,20,3997,0.75,kill,0.1,0.13277777777777777,0.963
1021,best-fit,star,50,42,0.75,degrade,0.4,0.01611111111111111,1.313
1022,best-fit,star,50,42,0.75,degrade,0.5,0.019444444444444445,1.455
1023,best-fit,star,50,42,0.75,degrade,0.6,0.029444444444444443,1.553
1024,best-fit,star,50,42,0.75,kill,0.01,0.10666666666666667,2.427
1025,best-fit,star,50,42,0.75,kill,0.05,0.195,2.062
1026,best-fit,star,50,42,0.75,kill,0.1,0.105,1.979
1027,best-fit,star,50,3997,0.75,degrade,0.4,0.042777777777777776,1.282
1028,best-fit,star,50,3997,0.75,degrade,0.5,0.06388888888888888,1.308
1029,best-fit,star,50,3997,0.75,degrade,0.6,0.075,1.455
1030,best-fit,star,50,3997,0.75,kill,0.01,0.22722222222222221,2.272
1031,best-fit,star,50,3997,0.75,kill,0.05,0.1272222222222222,2.246
1032,best-fit,star,50,3997,0.75,kill,0.1,0.11055555555555556,2.17
1033,best-fit,star,100,42,0.75,degrade,0.4,0.01,2.361
1034,best-fit,star,100,42,0.75,degrade,0.5,0.020555555555555556,2.49
1035,best-fit,star,100,42,0.75,degrade,0.6,0.030555555555555555,2.728
1036,best-fit,star,100,42,0.75,kill,0.01,0.05277777777777778,4.691
1037,best-fit,star,100,42,0.75,kill,0.05,0.03166666666666667,4.329
1038,best-fit,star,100,42,0.75,kill,0.1,0.028333333333333332,3.764
1039,best-fit,star,100,3997,0.75,degrade,0.4,0.026111111111111113,2.232
1040,best-fit,star,100,3997,0.75,degrade,0.5,0.041666666666666664,2.406
1041,best-fit,star,100,3997,0.75,degrade,0.6,0.07444444444444444,2.524
1042,best-fit,star,100,3997,0.75,kill,0.01,0.09722222222222222,3.543
1043,best-fit,star,100,3997,0.75,kill,0.05,0.03777777777777778,4.473
1044,best-fit,star,100,3997,0.75,kill,0.1,0.06333333333333334,4.066
1045,best-fit,star,300,42,0.75,degrade,0.4,0.0033333333333333335,6.29
1046,best-fit,star,300,42,0.75,degrade,0.5,0.015,6.681
1047,best-fit,star,300,42,0.75,degrade,0.6,0.029444444444444443,7.137
1048,best-fit,star,300,42,0.75,kill,0.01,0.0,13.454
1049,best-fit,star,300,42,0.75,kill,0.05,0.0,10.234
1050,best-fit,star,300,42,0.75,kill,0.1,0.0,10.591
1051,best-fit,star,300,3997,0.75,degrade,0.4,0.01611111111111111,6.001
1052,best-fit,star,300,3997,0.75,degrade,0.5,0.018333333333333333,6.614
1053,best-fit,star,300,3997,0.75,degrade,0.6,0.03,7.195
1054,best-fit,star,300,3997,0.75,kill,0.01,0.03333333333333333,12.065
1055,best-fit,star,300,3997,0.75,kill,0.05,0.0033333333333333335,11.285
1056,best-fit,star,300,3997,0.75,kill,0.1,0.002777777777777778,10.372
1057,best-fit,hierarchical,20,42,0.75,degrade,0.4,0.0661111111111111,0.802
1058,best-fit,hierarchical,20,42,0.75,degrade,0.5,0.08555555555555555,0.854
1059,best-fit,hierarchical,20,42,0.75,degrade,0.6,0.11944444444444445,0.966
1060,best-fit,hierarchical,20,42,0.75,kill,0.01,0.5372222222222223,1.112
1061,best-fit,hierarchical,20,42,0.75,kill,0.05,0.24222222222222223,0.884
1062,best-fit,hierarchical,20,42,0.75,kill,0.1,0.14722222222222223,0.87
1063,best-fit,hierarchical,20,3997,0.75,degrade,0.4,0.06666666666666667,0.887
1064,best-fit,hierarchical,20,3997,0.75,degrade,0.5,0.08777777777777777,0.954
1065,best-fit,hierarchical,20,3997,0.75,degrade,0.6,0.11444444444444445,1.04
1066,best-fit,hierarchical,20,3997,0.75,kill,0.01,0.37833333333333335,1.049
1067,best-fit,hierarchical,20,3997,0.75,kill,0.05,0.34944444444444445,1.159
1068,best-fit,hierarchical,20,3997,0.75,kill,0.1,0.26055555555555554,1.057
1069,best-fit,hierarchical,50,42,0.75,degrade,0.4,0.06833333333333333,2.338
1070,best-fit,hierarchical,50,42,0.75,degrade,0.5,0.08833333333333333,2.591
1071,best-fit,hierarchical,50,42,0.75,degrade,0.6,0.12166666666666667,3.022
1072,best-fit,hierarchical,50,42,0.75,kill,0.01,0.7066666666666667,3.867
1073,best-fit,hierarchical,50,42,0.75,kill,0.05,0.39611111111111114,3.172
1074,best-fit,hierarchical,50,42,0.75,kill,0.1,0.38222222222222224,2.898
1075,best-fit,hierarchical,50,3997,0.75,degrade,0.4,0.0661111111111111,2.381
1076,best-fit,hierarchical,50,3997,0.75,degrade,0.5,0.08944444444444444,2.447
1077,best-fit,hierarchical,50,3997,0.75,degrade,0.6,0.12333333333333334,2.662
1078,best-fit,hierarchical,50,3997,0.75,kill,0.01,0.8166666666666667,3.348
1079,best-fit,hierarchical,50,3997,0.75,kill,0.05,0.5127777777777778,2.993
1080,best-fit,hierarchical,50,3997,0.75,kill,0.1,0.46166666666666667,3.013
1081,best-fit,hierarchical,100,42,0.75,degrade,0.4,0.06666666666666667,6.596
1082,best-fit,hierarchical,100,42,0.75,degrade,0.5,0.08611111111111111,7.348
1083,best-fit,hierarchical,100,42,0.75,degrade,0.6,0.12111111111111111,9.262
1084,best-fit,hierarchical,100,42,0.75,kill,0.01,0.875,12.049
1085,best-fit,hierarchical,100,42,0.75,kill,0.05,0.5872222222222222,9.867
1086,best-fit,hierarchical,100,42,0.75,kill,0.1,0.44222222222222224,9.532
1087,best-fit,hierarchical,100,3997,0.75,degrade,0.4,0.06388888888888888,7.444
1088,best-fit,hierarchical,100,3997,0.75,degrade,0.5,0.08555555555555555,8.664
1089,best-fit,hierarchical,100,3997,0.75,degrade,0.6,0.11722222222222223,8.419
1090,best-fit,hierarchical,100,3997,0.75,kill,0.01,0.835,11.529
1091,best-fit,hierarchical,100,3997,0.75,kill,0.05,0.525,9.629
1092,best-fit,hierarchical,100,3997,0.75,kill,0.1,0.4855555555555556,9.442
1093,best-fit,hierarchical,300,42,0.75,degrade,0.4,0.06888888888888889,62.482
1094,best-fit,hierarchical,300,42,0.75,degrade,0.5,0.08777777777777777,69.539
1095,best-fit,hierarchical,300,42,0.75,degrade,0.6,0.12277777777777778,77.042
1096,best-fit,hierarchical,300,42,0.75,kill,0.01,0.775,88.232
1097,best-fit,hierarchical,300,42,0.75,kill,0.05,0.565,70.611
1098,best-fit,hierarchical,300,42,0.75,kill,0.1,0.4816666666666667,65.946
1099,best-fit,hierarchical,300,3997,0.75,degrade,0.4,0.065,67.538
1100,best-fit,hierarchical,300,3997,0.75,degrade,0.5,0.085,72.624
1101,best-fit,hierarchical,300,3997,0.75,degrade,0.6,0.12,85.266
1102,best-fit,hierarchical,300,3997,0.75,kill,0.01,0.85,95.427
1103,best-fit,hierarchical,300,3997,0.75,kill,0.05,0.5383333333333333,72.148
1104,best-fit,hierarchical,300,3997,0.75,kill,0.1,0.45166666666666666,64.447
1105,best-fit,random,20,42,0.75,degrade,0.4,0.0661111111111111,0.817
1106,best-fit,random,20,42,0.75,degrade,0.5,0.08777777777777777,0.905
1107,best-fit,random,20,42,0.75,degrade,0.6,0.11833333333333333,0.898
1108,best-fit,random,20,42,0.75,kill,0.01,0.49833333333333335,1.252
1109,best-fit,random,20,42,0.75,kill,0.05,0.20055555555555554,0.872
1110,best-fit,random,20,42,0.75,kill,0.1,0.115,0.901
1111,best-fit,random,20,3997,0.75,degrade,0.4,0.0661111111111111,0.923
1112,best-fit,random,20,3997,0.75,degrade,0.5,0.08944444444444444,0.923
1113,best-fit,random,20,3997,0.75,degrade,0.6,0.12277777777777778,0.966
1114,best-fit,random,20,3997,0.75,kill,0.01,0.4577777777777778,1.075
1115,best-fit,random,20,3997,0.75,kill,0.05,0.21888888888888888,1.029
1116,best-fit,random,20,3997,0.75,kill,0.1,0.22666666666666666,1.035
1117,best-fit,random,50,42,0.75,degrade,0.4,0.06777777777777778,2.645
1118,best-fit,random,50,42,0.75,degrade,0.5,0.08833333333333333,2.82
1119,best-fit,random,50,42,0.75,degrade,0.6,0.12222222222222222,3.025
1120,best-fit,random,50,42,0.75,kill,0.01,0.7066666666666667,3.882
1121,best-fit,random,50,42,0.75,kill,0.05,0.5694444444444444,3.42
1122,best-fit,random,50,42,0.75,kill,0.1,0.4177777777777778,3.206
1123,best-fit,random,50,3997,0.75,degrade,0.4,0.06277777777777778,2.114
1124,best-fit,random,50,3997,0.75,degrade,0.5,0.08833333333333333,2.487
1125,best-fit,random,50,3997,0.75,degrade,0.6,0.12,2.828
1126,best-fit,random,50,3997,0.75,kill,0.01,0.7761111111111111,3.531
1127,best-fit,random,50,3997,0.75,kill,0.05,0.5927777777777777,3.257
1128,best-fit,random,50,3997,0.75,kill,0.1,0.5188888888888888,3.059
1129,best-fit,random,100,42,0.75,degrade,0.4,0.0661111111111111,7.536
1130,best-fit,random,100,42,0.75,degrade,0.5,0.08666666666666667,8.153
1131,best-fit,random,100,42,0.75,degrade,0.6,0.11777777777777777,9.971
1132,best-fit,random,100,42,0.75,kill,0.01,0.8416666666666667,13.535
1133,best-fit,random,100,42,0.75,kill,0.05,0.5744444444444444,10.428
1134,best-fit,random,100,42,0.75,kill,0.1,0.4666666666666667,9.651
1135,best-fit,random,100,3997,0.75,degrade,0.4,0.06388888888888888,7.014
1136,best-fit,random,100,3997,0.75,degrade,0.5,0.08888888888888889,7.613
1137,best-fit,random,100,3997,0.75,degrade,0.6,0.12611111111111112,8.521
1138,best-fit,random,100,3997,0.75,kill,0.01,0.8438888888888889,11.156
1139,best-fit,random,100,3997,0.75,kill,0.05,0.57,9.937
1140,best-fit,random,100,3997,0.75,kill,0.1,0.49,9.624
1141,best-fit,random,300,42,0.75,degrade,0.4,0.06944444444444445,76.569
1142,best-fit,random,300,42,0.75,degrade,0.5,0.08944444444444444,74.201
1143,best-fit,random,300,42,0.75,degrade,0.6,0.12444444444444444,95.567
1144,best-fit,random,300,42,0.75,kill,0.01,0.84,101.071
1145,best-fit,random,300,42,0.75,kill,0.05,0.5833333333333334,80.213
1146,best-fit,random,300,42,0.75,kill,0.1,0.495,72.038
1147,best-fit,random,300,3997,0.75,degrade,0.4,0.06722222222222222,75.565
1148,best-fit,random,300,3997,0.75,degrade,0.5,0.08944444444444444,76.108
1149,best-fit,random,300,3997,0.75,degrade,0.6,0.1238888888888889,96.661
1150,best-fit,random,300,3997,0.75,kill,0.01,0.8666666666666667,116.05
1151,best-fit,random,300,3997,0.75,kill,0.05,0.5533333333333333,86.393
1152,best-fit,random,300,3997,0.75,kill,0.1,0.48333333333333334,83.11
1153,min-energy,star,20,42,0.75,degrade,0.4,0.0,0.874
1154,min-energy,star,20,42,0.75,degrade,0.5,0.0,1.022
1155,min-energy,star,20,42,0.75,degrade,0.6,0.0,0.972
1156,min-energy,star,20,42,0.75,kill,0.01,0.04,1.322
1157,min-energy,star,20,42,0.75,kill,0.05,0.06222222222222222,0.738
1158,min-energy,star,20,42,0.75,kill,0.1,0.07166666666666667,0.765
1159,min-energy,star,20,3997,0.75,degrade,0.4,0.0,1.009
1160,min-energy,star,20,3997,0.75,degrade,0.5,0.0,0.969
1161,min-energy,star,20,3997,0.75,degrade,0.6,0.0,1.013
1162,min-energy,star,20,3997,0.75,kill,0.01,0.0005555555555555556,1.302
1163,min-energy,star,20,3997,0.75,kill,0.05,0.0044444444444444444,1.2
1164,min-energy,star,20,3997,0.75,kill,0.1,0.011666666666666667,1.021
1165,min-energy,star,50,42,0.75,degrade,0.4,0.0033333333333333335,1.495
1166,min-energy,star,50,42,0.75,degrade,0.5,0.0044444444444444444,1.575
1167,min-energy,star,50,42,0.75,degrade,0.6,0.005555555555555556,1.692
1168,min-energy,star,50,42,0.75,kill,0.01,0.0,2.346
1169,min-energy,star,50,42,0.75,kill,0.05,0.002777777777777778,1.816
1170,min-energy,star,50,42,0.75,kill,0.1,0.026111111111111113,1.949
1171,min-energy,star,50,3997,0.75,degrade,0.4,0.0005555555555555556,1.569
1172,min-energy,star,50,3997,0.75,degrade,0.5,0.0005555555555555556,1.609
1173,min-energy,star,50,3997,0.75,degrade,0.6,0.0005555555555555556,1.787
1174,min-energy,star,50,3997,0.75,kill,0.01,0.0,1.977
1175,min-energy,star,50,3997,0.75,kill,0.05,0.0,1.871
1176,min-energy,star,50,3997,0.75,kill,0.1,0.058333333333333334,1.837
1177,min-energy,star,100,42,0.75,degrade,0.4,0.0033333333333333335,2.879
1178,min-energy,star,100,42,0.75,degrade,0.5,0.0038888888888888888,2.913
1179,min-energy,star,100,42,0.75,degrade,0.6,0.005555555555555556,3.06
1180,min-energy,star,100,42,0.75,kill,0.01,0.0022222222222222222,3.524
1181,min-energy,star,100,42,0.75,kill,0.05,0.0011111111111111111,3.285
1182,min-energy,star,100,42,0.75,kill,0.1,0.0016666666666666668,3.31
1183,min-energy,star,100,3997,0.75,degrade,0.4,0.0022222222222222222,2.628
1184,min-energy,star,100,3997,0.75,degrade,0.5,0.002777777777777778,2.685
1185,min-energy,star,100,3997,0.75,degrade,0.6,0.0038888888888888888,2.965
1186,min-energy,star,100,3997,0.75,kill,0.01,0.0016666666666666668,3.606
1187,min-energy,star,100,3997,0.75,kill,0.05,0.0,3.522
1188,min-energy,star,100,3997,0.75,kill,0.1,0.0,3.5
1189,min-energy,star,300,42,0.75,degrade,0.4,0.0005555555555555556,7.695
1190,min-energy,star,300,42,0.75,degrade,0.5,0.0005555555555555556,7.451
1191,min-energy,star,300,42,0.75,degrade,0.6,0.0005555555555555556,8.024
1192,min-energy,star,300,42,0.75,kill,0.01,0.6761111111111111,6.566
1193,min-energy,star,300,42,0.75,kill,0.05,0.1272222222222222,9.067
1194,min-energy,star,300,42,0.75,kill,0.1,0.12555555555555556,8.553
1195,min-energy,star,300,3997,0.75,degrade,0.4,0.002777777777777778,6.697
1196,min-energy,star,300,3997,0.75,degrade,0.5,0.0033333333333333335,7.115
1197,min-energy,star,300,3997,0.75,degrade,0.6,0.005,7.253
1198,min-energy,star,300,3997,0.75,kill,0.01,0.4172222222222222,7.314
1199,min-energy,star,300,3997,0.75,kill,0.05,0.11166666666666666,8.889
1200,min-energy,star,300,3997,0.75,kill,0.1,0.15166666666666667,8.375
1201,min-energy,hierarchical,20,42,0.75,degrade,0.4,0.017777777777777778,0.94
1202,min-energy,hierarchical,20,42,0.75,degrade,0.5,0.02388888888888889,0.997
1203,min-energy,hierarchical,20,42,0.75,degrade,0.6,0.03222222222222222,1.025
1204,min-energy,hierarchical,20,42,0.75,kill,0.01,0.095,1.042
1205,min-energy,hierarchical,20,42,0.75,kill,0.05,0.07555555555555556,0.856
1206,min-energy,hierarchical,20,42,0.75,kill,0.1,0.03722222222222222,0.966
1207,min-energy,hierarchical,20,3997,0.75,degrade,0.4,0.016666666666666666,1.13
1208,min-energy,hierarchical,20,3997,0.75,degrade,0.5,0.02277777777777778,1.098
1209,min-energy,hierarchical,20,3997,0.75,degrade,0.6,0.03111111111111111,1.21
1210,min-energy,hierarchical,20,3997,0.75,kill,0.01,0.05277777777777778,1.254
1211,min-energy,hierarchical,20,3997,0.75,kill,0.05,0.010555555555555556,1.209
1212,min-energy,hierarchical,20,3997,0.75,kill,0.1,0.03,1.13
1213,min-energy,hierarchical,50,42,0.75,degrade,0.4,0.019444444444444445,2.256
1214,min-energy,hierarchical,50,42,0.75,degrade,0.5,0.025,2.291
1215,min-energy,hierarchical,50,42,0.75,degrade,0.6,0.035,2.492
1216,min-energy,hierarchical,50,42,0.75,kill,0.01,0.018333333333333333,3.372
1217,min-energy,hierarchical,50,42,0.75,kill,0.05,0.03611111111111111,3.13
1218,min-energy,hierarchical,50,42,0.75,kill,0.1,0.022222222222222223,2.909
1219,min-energy,hierarchical,50,3997,0.75,degrade,0.4,0.017777777777777778,2.394
1220,min-energy,hierarchical,50,3997,0.75,degrade,0.5,0.02388888888888889,2.575
1221,min-energy,hierarchical,50,3997,0.75,degrade,0.6,0.03333333333333333,2.783
1222,min-energy,hierarchical,50,3997,0.75,kill,0.01,0.013333333333333334,3.254
1223,min-energy,hierarchical,50,3997,0.75,kill,0.05,0.017222222222222222,3.013
1224,min-energy,hierarchical,50,3997,0.75,kill,0.1,0.005,2.801
1225,min-energy,hierarchical,100,42,0.75,degrade,0.4,0.017777777777777778,6.493
1226,min-energy,hierarchical,100,42,0.75,degrade,0.5,0.025,6.921
1227,min-energy,hierarchical,100,42,0.75,degrade,0.6,0.034444444444444444,7.695
1228,min-energy,hierarchical,100,42,0.75,kill,0.01,0.075,8.788
1229,min-energy,hierarchical,100,42,0.75,kill,0.05,0.041666666666666664,7.825
1230,min-energy,hierarchical,100,42,0.75,kill,0.1,0.03166666666666667,7.868
1231,min-energy,hierarchical,100,3997,0.75,degrade,0.4,0.0022222222222222222,6.807
1232,min-energy,hierarchical,100,3997,0.75,degrade,0.5,0.0022222222222222222,6.443
1233,min-energy,hierarchical,100,3997,0.75,degrade,0.6,0.0038888888888888888,7.083
1234,min-energy,hierarchical,100,3997,0.75,kill,0.01,0.0,8.256
1235,min-energy,hierarchical,100,3997,0.75,kill,0.05,0.0033333333333333335,6.875
1236,min-energy,hierarchical,100,3997,0.75,kill,0.1,0.013333333333333334,6.828
1237,min-energy,hierarchical,300,42,0.75,degrade,0.4,0.017777777777777778,52.368
1238,min-energy,hierarchical,300,42,0.75,degrade,0.5,0.02388888888888889,52.518
1239,min-energy,hierarchical,300,42,0.75,degrade,0.6,0.03277777777777778,58.522
1240,min-energy,hierarchical,300,42,0.75,kill,0.01,0.5566666666666666,50.314
1241,min-energy,hierarchical,300,42,0.75,kill,0.05,0.26666666666666666,45.578
1242,min-energy,hierarchical,300,42,0.75,kill,0.1,0.20833333333333334,43.795
1243,min-energy,hierarchical,300,3997,0.75,degrade,0.4,0.0011111111111111111,46.7
1244,min-energy,hierarchical,300,3997,0.75,degrade,0.5,0.0005555555555555556,49.452
1245,min-energy,hierarchical,300,3997,0.75,degrade,0.6,0.0011111111111111111,54.305
1246,min-energy,hierarchical,300,3997,0.75,kill,0.01,0.61,51.527
1247,min-energy,hierarchical,300,3997,0.75,kill,0.05,0.33,42.634
1248,min-energy,hierarchical,300,3997,0.75,kill,0.1,0.23166666666666666,41.377
1249,min-energy,random,20,42,0.75,degrade,0.4,0.017777777777777778,0.931
1250,min-energy,random,20,42,0.75,degrade,0.5,0.02388888888888889,0.974
1251,min-energy,random,20,42,0.75,degrade,0.6,0.03222222222222222,1.01
1252,min-energy,random,20,42,0.75,kill,0.01,0.07222222222222222,1.056
1253,min-energy,random,20,42,0.75,kill,0.05,0.06944444444444445,0.855
1254,min-energy,random,20,42,0.75,kill,0.1,0.07555555555555556,0.923
1255,min-energy,random,20,3997,0.75,degrade,0.4,0.016666666666666666,0.927
1256,min-energy,random,20,3997,0.75,degrade,0.5,0.02277777777777778,0.963
1257,min-energy,random,20,3997,0.75,degrade,0.6,0.03111111111111111,1.088
1258,min-energy,random,20,3997,0.75,kill,0.01,0.0,1.298
1259,min-energy,random,20,3997,0.75,kill,0.05,0.006111111111111111,1.08
1260,min-energy,random,20,3997,0.75,kill,0.1,0.024444444444444446,1.09
1261,min-energy,random,50,42,0.75,degrade,0.4,0.0033333333333333335,2.212
1262,min-energy,random,50,42,0.75,degrade,0.5,0.0038888888888888888,2.354
1263,min-energy,random,50,42,0.75,degrade,0.6,0.005555555555555556,2.461
1264,min-energy,random,50,42,0.75,kill,0.01,0.016666666666666666,3.331
1265,min-energy,random,50,42,0.75,kill,0.05,0.07,3.002
1266,min-energy,random,50,42,0.75,kill,0.1,0.021666666666666667,2.529
1267,min-energy,random,50,3997,0.75,degrade,0.4,0.017777777777777778,2.303
1268,min-energy,random,50,3997,0.75,degrade,0.5,0.02388888888888889,2.496
1269,min-energy,random,50,3997,0.75,degrade,0.6,0.03333333333333333,2.633
1270,min-energy,random,50,3997,0.75,kill,0.01,0.013333333333333334,3.405
1271,min-energy,random,50,3997,0.75,kill,0.05,0.012222222222222223,2.723
1272,min-energy,random,50,3997,0.75,kill,0.1,0.018333333333333333,2.753
1273,min-energy,random,100,42,0.75,degrade,0.4,0.017222222222222222,6.899
1274,min-energy,random,100,42,0.75,degrade,0.5,0.0044444444444444444,7.405
1275,min-energy,random,100,42,0.75,degrade,0.6,0.03333333333333333,8.381
1276,min-energy,random,100,42,0.75,kill,0.01,0.075,8.624
1277,min-energy,random,100,42,0.75,kill,0.05,0.02666666666666667,8.504
1278,min-energy,random,100,42,0.75,kill,0.1,0.02722222222222222,7.784
1279,min-energy,random,100,3997,0.75,degrade,0.4,0.0077777777777777776,7.196
1280,min-energy,random,100,3997,0.75,degrade,0.5,0.007222222222222222,7.326
1281,min-energy,random,100,3997,0.75,degrade,0.6,0.008888888888888889,8.146
1282,min-energy,random,100,3997,0.75,kill,0.01,0.0,9.507
1283,min-energy,random,100,3997,0.75,kill,0.05,0.005,8.108
1284,min-energy,random,100,3997,0.75,kill,0.1,0.013333333333333334,7.707
1285,min-energy,random,300,42,0.75,degrade,0.4,0.017777777777777778,65.662
1286,min-energy,random,300,42,0.75,degrade,0.5,0.02388888888888889,67.049
1287,min-energy,random,300,42,0.75,degrade,0.6,0.03277777777777778,76.777
1288,min-energy,random,300,42,0.75,kill,0.01,0.4633333333333333,65.793
1289,min-energy,random,300,42,0.75,kill,0.05,0.32,54.793
1290,min-energy,random,300,42,0.75,kill,0.1,0.20333333333333334,54.218
1291,min-energy,random,300,3997,0.75,degrade,0.4,0.002777777777777778,61.937
1292,min-energy,random,300,3997,0.75,degrade,0.5,0.0038888888888888888,60.12
1293,min-energy,random,300,3997,0.75,degrade,0.6,0.005,70.081
1294,min-energy,random,300,3997,0.75,kill,0.01,0.58,67.202
1295,min-energy,random,300,3997,0.75,kill,0.05,0.4083333333333333,54.647
1296,min-energy,random,300,3997,0.75,kill,0.1,0.25833333333333336,53.671
